的	0 2 4
一	1
是	4
不	4 2
了	0 3 4
在	4
人	2
有	3
我	3
他	1
这	4 4
个	4
们	0
中	1 4
来	2
上	4
大	4 4
为	2 4
和	2 4 2 4
国	2
地	0 4
到	4
以	3
说	4 1
时	2
要	1 4
就	4
出	1
会	4 4
可	3
也	3
你	3
对	4
生	1
能	2
而	2
子	3 0
那	3 4 4
得	2 0 3
于	2
着	1 2 0 4 2
下	4
自	4
之	1
年	2
过	4
发	1 4
后	4
作	4
里	3
用	4
道	4
行	2 2 4
所	3
然	2
家	1
种	3 4
事	4
成	2 4
方	1
多	1
经	1
么	0 0 1
去	4
法	3
学	2
如	2
都	1 1
同	2
现	4
当	1 4
没	2 4
动	4
面	4
起	3
看	1 4
定	4
天	1
分	1 4
还	2 2 4
进	4
好	3 4
小	3
部	4
其	2
些	1
主	3
样	4
理	3
心	1
她	1
本	3
前	2
开	1
但	4
因	1
只	2 1 3
从	1 2 4
想	3
实	2
日	4
军	1
者	3
意	4
无	2
力	4
它	1
与	2 3 4
长	2 3
把	3 4
机	1
十	2
民	2
第	4
公	1
此	3
已	3
工	1
使	3
情	2
明	2
性	4
知	1
全	2
三	1
又	4
关	1
点	3
正	1 4
业	4
外	4
将	1 4
两	3
高	1
间	1 4
由	2
问	4
很	3
最	4
重	2 4
并	4
物	4
手	3
应	1 4
战	4
向	4
头	2 0
文	2
体	3
政	4
美	3
相	1 4
见	4 4
被	4
利	4
什	2 2
二	4
等	3
产	3
或	4
新	1
己	3
制	4
身	1
果	3
加	1
西	1
斯	1
月	4
话	4
合	3 2
回	2
特	2 4
代	4
内	4
信	4
表	3
化	4
老	3
给	3 3
世	4
位	4
次	4
度	4
门	2
任	4
常	2
先	1
海	3
通	1
教	1 4
儿	2 0
原	2
东	1
声	1
提	1 2
立	4
及	2
比	3 4
员	2
解	3 4 4
水	3
名	2
真	1
论	2 4
处	3 4
走	3
义	4
各	4
入	4
几	1 3
口	3
认	4
条	2
平	2
系	4
气	4
题	2
活	2
尔	3
更	1 4
别	2 4
打	2 3
女	3 3
变	4
四	4
神	2
总	3
何	2
电	4
数	3 4 4
安	1
少	3 4
报	4
才	2
结	1 2
反	3
受	4
目	4
太	4
量	2 4
再	4
感	3
建	4
务	4
做	4
接	1
必	4
场	3
件	4
计	4
管	3
期	1
市	4
直	2
德	2
资	1
命	4
山	1
金	1
指	3
克	4
许	3
统	3
区	1 1
保	3
至	4
队	4
形	2
社	4
便	4 2
空	1 4
决	2
治	4
展	3
马	3
科	1
司	1
五	3
基	1
眼	3
书	1
非	1
则	2
听	1 4
白	2
却	4
界	4
达	2
光	1
放	4
强	2
即	2
像	4
难	2 4
且	3
权	2
思	1
王	2
象	4
完	2
设	4
式	4
色	4 3
路	4
记	4
南	2
品	3
住	4
告	4
类	4
求	2
据	1 4
程	2
北	3
边	1
死	3
张	1
该	1
交	1
规	1
万	4
取	3
拉	1
格	2
望	4
觉	4 2
术	4 2
领	3
共	4
确	4
传	2 4
师	1
观	1 4
清	1
今	1
切	1 4
院	4
让	4
识	2 4
候	4
带	4
导	3
争	1
运	4
笑	4
飞	1
风	1
步	4
改	3
收	1
根	1
干	1 4
造	4
言	2
联	2
持	2
组	3
每	3
济	4
车	1 1
亲	1 4
极	2
林	2
服	2
快	4
办	4
议	4
往	3 4
元	2
英	1
士	4
证	4
近	4
失	1
转	3 4
夫	1
令	4
准	3
布	4
始	3
怎	3
呢	0 2
存	2
未	4
远	3
叫	4
台	2
单	2 1 4
影	3
具	4
罗	1 2
字	4
爱	4
击	1
流	2
备	4
兵	1
连	2
调	4 2
深	1
商	1
算	4
质	4
团	2
集	2
百	3
需	1
价	4 0
花	1
党	3
华	2 4
城	2
石	4 2
级	2
整	3
府	3
离	2
况	4
亚	4
请	3
技	4
际	4
约	1 1
示	4
复	4
病	4
息	1
究	1
线	4
似	4
官	1
火	3
断	4
精	1
满	3
支	1
视	4
消	1
越	4
器	4
容	2
照	4
须	1
九	3
增	1
研	2
写	3
称	4 1 4
企	3
八	1
功	1
吗	3 0
包	1
片	1 4
史	3
委	1 3
乎	1
查	2 1
轻	1
易	4
早	3
曾	2 1
除	2
农	2
找	3
装	1
广	3
显	3
吧	1 0
阿	1 4 0 1
李	3
标	1
谈	2
吃	1 2
图	2
念	4
六	4
引	3
历	4
首	3
医	1
局	2
突	1
专	1
费	4
号	2 4
尽	3 4
另	4
周	1
较	4
注	4
语	3 4
仅	3
考	3
落	4 4
青	1
随	2
选	3
列	4
武	3
红	2
响	3
虽	1
推	1
势	4
参	1 1
希	1
古	3
众	4
构	4
房	2
半	4
节	2 1
土	3
投	2
某	3
案	4
黑	1
维	2
革	2
划	2 4
敌	2
致	4
陈	2
律	4 4
足	2
态	4
护	4
七	1
兴	1 4
派	4
孩	2
验	4
责	2
营	2
星	1
够	4
章	1
音	1
跟	1
志	4
底	0 3
站	4
严	2
巴	1
例	4
防	2
族	2
供	1 4
效	4
续	4
施	1
留	2
讲	3
型	2
料	4
终	1
答	1 2
紧	3
黄	2
绝	2
奇	1 2
察	2
母	3
京	1
段	4
依	1
批	1
群	2
项	4
故	4
按	4
河	2
米	3
围	2
江	1
织	1
害	4
斗	3 4
双	1
境	4
客	4
纪	4
采	3 4
举	3
杀	1
攻	1
父	4
苏	1
密	4
低	1
朝	2 1
友	3
诉	4
止	3
细	4
愿	4
千	1
值	2
仍	2
男	2
钱	2
破	4
网	3
热	4
助	4
倒	3 4
育	4
属	3 3
坐	4
帝	4
限	4
船	2
脸	3
职	2
速	4
刻	4
乐	4 4
否	3 3
刚	1
威	1
毛	2
状	4
率	4 4 4
甚	4
独	2
球	2
般	1
普	3
怕	4
弹	4 2
校	4 4
苦	3
创	1 4
假	3 4
久	3
错	4
承	2
印	4
晚	3
兰	2
试	4
股	3
拿	2
脑	3
预	4
谁	2 2
益	4
阳	2
若	4
哪	3 0 3
微	1
尼	2
继	4
送	4
急	2
血	3 4
惊	1
伤	1
素	4
药	4
适	4
波	1
夜	4
省	3 3
初	1
喜	3
卫	4
源	2
食	2 4
险	3
待	1 4
述	4
陆	4 4
习	2
置	4
居	1
劳	2
财	2
环	2
排	2 3
福	2
纳	4
欢	1
雷	2
警	3
获	4
模	2
充	1
负	4
云	2
停	2
木	4
游	2
龙	2
树	4
疑	2
层	2
冷	3
洲	1
冲	1 4
射	4
略	4
范	4
竟	4
句	4
室	4
异	4
激	1
汉	4
村	1
哈	1 3
策	4
演	3
简	3
卡	3 3
罪	4
判	4
担	1 4
州	1
静	4
退	4
既	4
衣	1 4
您	2
宗	1
积	1
余	2
痛	4
检	3
差	1 4 1 1
富	4
灵	2
协	2
角	3 2
占	1 4
配	4
征	1
修	1
皮	2
挥	1
胜	1 4
降	4 2
阶	1
审	3
沉	2
坚	1
善	4
妈	1
刘	2
读	4 2
啊	1 2 3 4 0
超	1
免	3
压	1 4
银	2
买	3
皇	2
养	3
伊	1
怀	2
执	2
副	4
乱	4
抗	4
犯	4
追	1
帮	1
宣	1
佛	2 2
岁	4
航	2
优	1
怪	4
香	1
著	4 0
田	2
铁	3
控	4
税	4
左	3
右	4
份	4
穿	1
艺	4
背	1 4
阵	4
草	3
脚	3 2
概	4
恶	3 4 4
块	1 4
顿	4
敢	3
守	3
酒	3
岛	3
托	1
央	1
户	4
烈	4
洋	2
哥	1
索	3
胡	2
款	3
靠	4
评	2
版	3
宝	3
座	4
释	4
景	3
顾	4
弟	4
登	1
货	4
互	4
付	4
伯	2
慢	4
欧	1
换	4
闻	2
危	1
忙	2
核	2
暗	4
姐	3
介	4
坏	4
讨	3
丽	2 4
良	2
序	4
升	1
监	1 4
临	2
亮	4
露	4 4
永	3
呼	1
味	4
野	3
架	4
域	4
沙	1
掉	4
括	4
舰	4
鱼	2
杂	2
误	4
湾	1
吉	2
减	3
编	1
楚	3
肯	3
测	4
败	4
屋	1
跑	3
梦	4
散	3 4
温	1
困	3 4
剑	4
渐	1 4
封	1
救	4
贵	4
枪	1
缺	1
楼	2
县	4
尚	4
毫	2
移	2
娘	2
朋	2
画	4
班	1
智	4
亦	4
耳	3
恩	1
短	3
掌	3
恐	3
遗	2
固	4
席	2
松	1
秘	4
谢	4
鲁	3
遇	4
康	1
虑	4 4
幸	4
均	1
销	1
钟	1
诗	1
藏	2 4
赶	3
剧	4
票	4
损	3
忽	1
巨	4
炮	4
旧	4
端	1
探	4
湖	2
录	4
叶	4
春	1
乡	1
附	4
吸	1
予	2 3
礼	3
港	3
雨	3
呀	0 1
板	3
庭	2
妇	4
归	1
睛	1
饭	4
额	2
含	2
顺	4
输	1
摇	2
招	1
婚	1
脱	1
补	3
谓	4
督	1
毒	2
油	2
疗	2
旅	3 3
泽	2
材	2
灭	4
逐	2
莫	4
笔	3
亡	2
鲜	1 3
词	2
圣	4
择	2 2
寻	2
厂	3
睡	4
博	2
勒	4 1
烟	1
授	4
诺	4
伦	2
岸	4
奥	4
唐	2
卖	4
俄	2
炸	2 4
载	3 4
洛	4
健	4
堂	2
旁	2
宫	1
喝	1 4
借	4
君	1
禁	1 4
阴	1
园	2
谋	2
宋	4
避	4
抓	1
荣	2
姑	1
孙	1
逃	2
牙	2
束	4
跳	4
顶	3
玉	4
镇	4
雪	3
午	3
练	4
迫	4
爷	2
篇	1
肉	4
嘴	3
馆	3
遍	4
凡	2
础	3
洞	4
卷	3 4
坦	3
牛	2
宁	2
纸	3
诸	1
训	4
私	1
庄	1
祖	3
丝	1
翻	1
暴	4
森	1
塔	3
默	4
握	4
戏	4
隐	3
熟	2
骨	3
访	3
弱	4
蒙	1 2 3
歌	1 0
店	4
鬼	3
软	3
典	3
欲	4
萨	4
伙	3
遭	1
盘	2
爸	4
扩	4
盖	4 3
弄	4 4
雄	2
稳	3
忘	4
亿	4
刺	4
拥	1
徒	2
姆	3
杨	2
齐	2
赛	4
趣	4
曲	1 3
刀	1
床	2
迎	2
冰	1
虚	1
玩	2 4
析	1
窗	1
醒	3
妻	1 4
透	4
购	4
替	4
塞	1 4 4
努	3
休	1
虎	3
扬	2
途	2
侵	1
刑	2
绿	4 4
兄	1
迅	4
套	4
贸	4
毕	4
唯	2 3
谷	3 4
轮	2
库	4
迹	1 4
尤	2
竞	4
街	1
促	4
延	2
震	4
弃	4
甲	3
伟	3
麻	2
川	1
申	1
缓	3
潜	2
闪	3
售	4
灯	1
针	1
哲	2
络	4 4
抵	3
朱	1
埃	1
抱	4
鼓	3
植	2
纯	2
夏	4
忍	3
页	4
杰	2
筑	2 4
折	2 2
郑	4
贝	4
尊	1
吴	2
秀	4
混	2 4
臣	2
雅	3
振	4
染	3
盛	2 4
怒	4
舞	3
圆	2
搞	3
狂	2
措	4
姓	4
残	2
秋	1
培	2
迷	2
诚	2
宽	1
宇	3
猛	3
摆	3
梅	2
毁	3
伸	1
摩	2
盟	2
末	4
乃	3
悲	1
拍	1
丁	1
赵	4
硬	4
麦	4
蒋	3
操	1
耶	1
阻	3
订	4
彩	3
抽	1
赞	4
魔	2
纷	1
沿	2 4
喊	3
违	2
妹	4
浪	4
汇	4
币	4
丰	1
蓝	0 2
殊	1
献	4
桌	1
啦	1 0
瓦	3
莱	2
援	2
译	4
夺	2
汽	4
烧	1
距	4
裁	2
偏	1
符	2
勇	3
触	4
课	4
敬	4
哭	1
懂	3
墙	2
袭	2
召	4 4
罚	2
侠	2
厅	1
拜	4
巧	3
侧	4 1
韩	2
冒	4
债	4
曼	4
融	2
惯	4
享	3
戴	4
童	2
犹	2
乘	2
挂	4
奖	3
绍	4
厚	4
纵	1 4
障	4
讯	4
涉	4
彻	4
刊	1
丈	4
爆	4
乌	1
役	4
描	2
洗	3
玛	3
患	4
妙	4
镜	4
唱	4
烦	2
签	1
仙	1
彼	3
弗	2
症	1 4
仿	3
倾	1
牌	2
陷	4
鸟	3
轰	1
咱	2 2
菜	4
闭	4
奋	4
庆	4
撤	4
泪	4
茶	2
疾	2
缘	2
播	1
朗	3
杜	4
奶	3
季	4
丹	1
狗	3
尾	3
仪	2
偷	1
奔	1 4
珠	1
虫	2
驻	4
孔	3
宜	2
艾	4
桥	2
淡	4
翼	4
恨	4
繁	2
寒	2
伴	4
叹	4
旦	4
愈	4
潮	2
粮	2
缩	1
罢	4 0
聚	4
径	4
恰	4
挑	1 3
袋	4
灰	1
捕	3
徐	2
珍	1
幕	4
映	4
裂	4
泰	4
隔	2
启	3
尖	1
忠	1
累	2 3 4
炎	2
暂	4
估	1 4
泛	4
荒	1
偿	2
横	2 4
拒	4
瑞	4
忆	4
孤	1
鼻	2
闹	4
羊	2
呆	1
厉	4
衡	2
胞	1
零	2
穷	2
舍	3 4
码	3
赫	4
婆	2
魂	2
灾	1
洪	2
腿	3
胆	3
津	1
俗	2
辩	4
胸	1
晓	3
劲	4 4
贫	2
仁	2
偶	3
辑	2
邦	1
恢	1
赖	4
圈	1 4 1
摸	1 2
仰	3
润	4
堆	1
碰	4
艇	3
稍	1
迟	2
辆	4
废	4
净	4
凶	1
署	3
壁	4
御	4
奉	4
旋	2 4
冬	1
矿	4
抬	2
蛋	4
晨	2
伏	2
吹	1
鸡	1
倍	4
糊	2 4
秦	2
盾	4
杯	1
租	1
骑	2
乏	2
隆	1 2
诊	3
奴	2
摄	4
丧	1 4
污	1
渡	4
旗	2
甘	1
耐	4
凭	2
扎	1 1 2
抢	1 3
绪	4
粗	1
肩	1
梁	2
幻	4
菲	1
皆	1
碎	4
宙	4
叔	1
岩	2
荡	4
综	1
爬	2
荷	2 4
悉	1
蒂	4
返	3
井	3
壮	4
薄	2 4 2
悄	3 1
扫	3 4
敏	3
碍	4
殖	2
详	2
迪	2
矛	2
霍	4
允	3
幅	2
撒	1 3
剩	4
凯	3
颗	1
骂	4
赏	3
液	4
番	1 1
箱	1
贴	1
漫	4
酸	1
郎	2
腰	1
舒	1
眉	2
忧	1
浮	2
辛	1
恋	4
餐	1
吓	4
挺	3
励	4
辞	2
艘	1 1
键	4
伍	3
峰	1
尺	3
昨	2
黎	2
辈	4
贯	4
侦	1
滑	3 2
券	4
崇	2
扰	3
宪	4
绕	4
趋	1
慈	2
乔	2
阅	4
汗	4
枝	1
拖	1
墨	4
胁	2
插	1
箭	4
腊	4
粉	3
泥	2 4
氏	4
彭	2
拔	2
骗	4
凤	4
慧	4
媒	2
佩	4
愤	4
扑	1
龄	2
驱	1
惜	1
豪	2
掩	3
兼	1
跃	4
尸	1
肃	4
帕	4
驶	3
堡	3 4
届	4
欣	1
惠	4
册	4
储	3
飘	1
桑	1
闲	2
惨	3
洁	2
踪	1
勃	2
宾	1
频	2
仇	2 2
磨	2 4
递	4
邪	2
撞	4
拟	3
滚	3
奏	4
巡	2
颜	2
剂	4
绩	1 4
贡	4
疯	1
坡	1
瞧	2
截	2
燃	2
焦	1
殿	4
伪	3
柳	3
锁	3
逼	1
颇	1
昏	1
劝	4
呈	2
搜	1
勤	2
戒	4
驾	4
漂	1 3 4
饮	3
曹	2
朵	3
仔	1 3 3
柔	2
俩	3 3
孟	4
腐	3
幼	4
践	4
籍	2
牧	4
凉	2
牲	1
佳	1
娜	2 4
浓	2
芳	1
稿	3
竹	2
腹	4
跌	1
逻	2
垂	2
遵	1
脉	4
貌	4
柏	3 4
狱	4
猜	1
怜	2
惑	4
陶	2
兽	4
帐	4
饰	4
贷	4
昌	1
叙	4
躺	3
钢	1
沟	1
寄	4
扶	2
铺	1 4
邓	4
寿	4
惧	4
询	2
汤	1
盗	4
肥	2
尝	2
匆	1
辉	1
奈	4
扣	4
廷	2
澳	4
嘛	0
董	3
迁	1
凝	2
慰	4
厌	4
脏	1 4
腾	2
幽	1
怨	4
鞋	2
丢	1
埋	2 2
泉	2
涌	3
辖	2
躲	3
晋	4
紫	3
艰	1
魏	4
吾	2
慌	1
祝	4
邮	2
吐	3 4
狠	3
鉴	4
曰	1
械	4
咬	3
邻	2
赤	4
挤	3
弯	1
椅	3
陪	2
割	1
揭	1
韦	2
悟	4
聪	1
雾	4
锋	1
梯	1
猫	1
祥	2
阔	4
誉	4
筹	2
丛	2
牵	1
鸣	2
沈	2 3
阁	2
穆	4
屈	1
旨	3
袖	4
猎	4
臂	4
蛇	2
贺	4
柱	4
抛	1
鼠	3
瑟	4
戈	1
牢	2
逊	4
迈	4
欺	1
吨	1 4
琴	2
衰	1 1
瓶	2
恼	3
燕	1 4
仲	4
诱	4
狼	2
池	2
疼	2
卢	2
仗	4
冠	1 4
粒	4
遥	2
吕	3 3
玄	2
尘	2
冯	2
抚	3
浅	1 3
敦	1
纠	1
钻	1 4
晶	1
岂	3
峡	2
苍	1
喷	1 4
耗	4
凌	2
敲	1
菌	1 4
赔	2
涂	2
粹	4
扁	3 1
亏	1
寂	4
煤	2
熊	2
恭	1
湿	1
循	2
暖	3
糖	2
赋	4
抑	4
秩	4
帽	4
哀	1
宿	4 3 4
踏	4
烂	4
袁	2
侯	2
抖	3
夹	1 2
昆	1
肝	1
擦	1
猪	1
炼	4
恒	2
慎	4
搬	1
纽	3
纹	2
玻	1
渔	2
磁	2
铜	2
齿	3
跨	4
押	1
怖	4
漠	4
疲	2
叛	4
遣	3
兹	1
祭	4 4
醉	4
拳	2
弥	2
斜	2
档	4
稀	1
捷	2
肤	1
疫	4
肿	3
豆	4
削	1 1
岗	3
晃	3 4
吞	1
宏	2
癌	2 2
肚	3 4
隶	4
履	3 3
涨	3 4
耀	4
扭	3
坛	2
拨	1
沃	4
绘	4
伐	2
堪	1
仆	1 2
郭	1
牺	1
歼	1
墓	4
雇	4
廉	2
契	4
拼	1
惩	2
捉	1
覆	4
刷	1 4
劫	2
嫌	2
瓜	1
歇	1
雕	1
闷	1 4
乳	3
串	4
娃	2
缴	3
唤	4
赢	2
莲	2
霸	4
桃	2
妥	3
瘦	4
搭	1
赴	4
岳	4
嘉	1
舱	1
俊	4
址	3
庞	2
耕	1
锐	4
缝	2 4
悔	3
邀	1
玲	2
惟	2
斥	4
宅	2
添	1
挖	1
呵	1 1
讼	4
氧	3
浩	4
羽	3
斤	1
酷	4
掠	4 3
妖	1
祸	4
侍	4
乙	3
妨	2
贪	1
挣	1 4
汪	1
尿	1 4
莉	4
悬	2
唇	2
翰	4
仓	1
轨	3
枚	2
盐	2
览	3
傅	4
帅	4
庙	4
芬	1
屏	3 2
寺	4
胖	4
璃	2
愚	2
滴	1
疏	1
萧	1
姿	1
颤	4 4
丑	3
劣	4
柯	1
寸	4
扔	1
盯	1
辱	3
匹	1 3
俱	1 4
辨	4
饿	4
蜂	1
哦	2 2 4
腔	1
郁	4
溃	4
谨	3
糟	1
葛	2 3
苗	2
肠	2
忌	4
溜	1
鸿	2
爵	2
鹏	2
鹰	1
笼	2
丘	1
桂	4
滋	1
聊	2
挡	3 4
纲	1
肌	1
茨	2
壳	2 4
痕	2
碗	3
穴	2
膀	3 4 1 2
卓	2
贤	2
卧	4
膜	2
毅	4
锦	3
欠	4
哩	1 3 0
函	2
茫	2
昂	2
薛	1
皱	4
夸	1
豫	4
胃	4
舌	2
剥	1 1
傲	4
拾	2
窝	1
睁	1
携	2
陵	2
哼	1 0
棉	2
晴	2
铃	2
填	2
饲	4
渴	3
吻	3
扮	4
逆	4
脆	4
喘	3
罩	4
卜	0 3
炉	2
柴	2
愉	2
绳	2
胎	1
蓄	4
眠	2
竭	2
喂	4
傻	3
慕	4
浑	2
奸	1
扇	1 4
柜	4 3
悦	4
拦	2
诞	4
饱	3
乾	1 2
泡	1 4
贼	2
亭	2
夕	1 4
爹	1
酬	2
儒	2
姻	1
卵	3
氛	1
泄	4
杆	1 3
挨	1 2
僧	1
蜜	4
吟	2
猩	1
遂	4 2
狭	2
肖	4 1
甜	2
霞	2
驳	2
裕	4
顽	2
於	1 2
摘	1
矮	3
秒	3
卿	1
畜	4 4
咽	1 4 4
披	1
辅	3
勾	1 4
盆	2
疆	1
赌	3
塑	4
畏	4
吵	3
囊	2
嗯	1 0 4
泊	2
肺	4
骤	4
缠	2
冈	1
羞	1
瞪	4
吊	4
贾	3 3
漏	4
斑	1
涛	1
悠	1
鹿	4
俘	2
锡	2 1
卑	1
葬	4
铭	2
滩	1
嫁	4
催	1
璇	2
翅	4
盒	2
蛮	2
矣	3
潘	1
歧	2
赐	4
鲍	4
锅	1
廊	2
拆	1
灌	4
勉	3
盲	2
宰	3
佐	3
啥	2
胀	4
扯	3
禧	3
辽	2
抹	3 4
筒	3
棋	2
裤	4
唉	1 4
朴	4 3
咐	4
孕	4
誓	4
喉	2
妄	4
拘	1
链	4
驰	2
栏	2
逝	4
窃	4
艳	4
臭	4 4
纤	4 1
玑	1
棵	1
趁	4
匠	4
盈	2
翁	1
愁	2
瞬	4
婴	1
孝	4
颈	3
倘	3
浙	4
谅	4
蔽	4
畅	4
赠	4
妮	1
莎	1 1
尉	4
冻	4
跪	4
闯	3
葡	2
後	4
厨	2
鸭	1
颠	1
遮	1
谊	4
圳	4
吁	1 4
仑	2
辟	4 4
瘤	2
嫂	3
陀	2
框	4
谭	2
亨	1
钦	1
庸	1
歉	4
芝	1
吼	3
甫	3
衫	1
摊	1
宴	4
嘱	3
衷	1
娇	1
陕	3 3
矩	3
浦	3
讶	4
耸	3
裸	3
碧	4
摧	1
薪	1
淋	4 2
耻	3
胶	1
屠	2
鹅	2
饥	1
盼	4
脖	2
虹	2 4
翠	4
崩	1
账	4
萍	2
逢	2
赚	4 4
撑	1
翔	2
倡	4
绵	2
猴	2
枯	1
巫	1
昭	1
怔	1
渊	1
凑	4
溪	1 1
蠢	3
禅	2 4
阐	3
旺	4
寓	4
藤	2
匪	3
伞	3
碑	1
挪	2
琼	2
脂	1
谎	3
慨	3
菩	2
萄	2
狮	1
掘	2
抄	1
岭	3
晕	1 4
逮	3 4
砍	3
掏	1
狄	2
晰	1
罕	3
挽	3
脾	2
舟	1
痴	1
蔡	4
剪	3
脊	3
弓	1
懒	3
叉	1 2 3
拐	3
喃	2
僚	2
捐	1
姊	3
骚	1
拓	4 4
歪	1
粘	2 1
柄	3
坑	1
陌	4
窄	3
湘	1
兆	4
崖	2 2
骄	1
刹	4 1
鞭	1
芒	2
筋	1
聘	4
钩	1
棍	4
嚷	3
腺	4
弦	2
焰	4
耍	3
俯	3
厘	2
愣	4
厦	4 4
恳	3
饶	2
钉	1 4
寡	3
憾	4
摔	1
叠	2
惹	3
喻	4
谱	3
愧	4
煌	2
徽	1
溶	2
坠	4
煞	1 4
巾	1
滥	4
洒	3
堵	3
瓷	2
咒	4
姨	2
棒	4
郡	4
浴	4
媚	4
稣	1
淮	2
哎	1
屁	4
漆	1
淫	2
巢	2
吩	1
撰	4
啸	4
滞	4
玫	2
硕	4
钓	4
蝶	2
膝	1
姚	2
茂	4
躯	1
吏	4
猿	2
寨	4
恕	4
渠	2
戚	1
辰	2
舶	2
颁	1
惶	2
狐	2
讽	4 3
笨	4
袍	2
嘲	2 1
啡	1
泼	1
衔	2
倦	4
涵	2
雀	1 3 4
旬	2
僵	1
撕	1
肢	1
垄	3
夷	2
逸	4
茅	2
侨	2
舆	2
窑	2
涅	4
蒲	2
谦	1
杭	2
噢	1
弊	4
勋	1
刮	1
郊	1
凄	1
捧	3
浸	4
砖	1
鼎	3
篮	2
蒸	1
饼	3
亩	3
肾	4
陡	3
爪	3 3
兔	4
殷	1 1 3
贞	1
荐	4
哑	1 3
炭	4
坟	2
眨	3
搏	2
咳	1 2
拢	3
舅	4
昧	4
擅	4
爽	3
咖	1
搁	1
禄	4
雌	2
哨	4
巩	3
绢	4
螺	2
裹	3
昔	1
轩	1
谬	4
谍	2
龟	1
媳	2
姜	1
瞎	1
冤	1
鸦	1
蓬	2
巷	4
琳	2
栽	1
沾	1
诈	4
斋	1
瞒	2
彪	1
厄	4
咨	1
纺	3
罐	4
桶	3
壤	3
糕	1
颂	4
膨	2
谐	2
垒	3
咕	1
隙	4
辣	4
绑	3
宠	3
嘿	1
兑	4
霉	2
挫	4
稽	1 3
辐	2
乞	3
纱	1
裙	2
嘻	1
哇	1 0
绣	4
杖	4
塘	2
衍	3
轴	2 2
攀	1
膊	2
譬	4
斌	1
祈	2
踢	1
肆	4
坎	3
轿	4
棚	2
泣	4
屡	3 3
躁	4
邱	1
凰	2
溢	4
椎	2 1
砸	2
趟	4
帘	2
帆	1
栖	1 1
窜	4
丸	2
斩	3
堤	1
塌	1
贩	4
厢	1
掀	1
喀	1
乖	1
谜	2
捏	1
阎	2
滨	1
虏	3
匙	2 0
芦	2
苹	2 2
卸	4
沼	3
钥	4 4
株	1
祷	3
剖	1
熙	1
哗	1 2
劈	1 3
怯	4
棠	2
胳	1
桩	1
瑰	1
娱	2
娶	3
沫	4
嗓	3
蹲	1
焚	2
淘	2
嫩	4
韵	4
衬	4
匈	1
钧	1
竖	4
峻	4
豹	4
捞	1
菊	2
鄙	3
魄	4
兜	1
哄	1 3 4
颖	3
镑	4
屑	4
蚁	3
壶	2
怡	2
渗	4
秃	1
迦	1
旱	4
哟	0 1
咸	2
焉	1
谴	3
宛	3
稻	4
铸	4
锻	4
伽	2 1
詹	1
毙	4
恍	3
贬	3
烛	2
骇	4
芯	1
汁	1
桓	2
坊	1
驴	2 2
朽	3
靖	4
佣	1 4
汝	3
碌	4
迄	4
冀	4
荆	1
崔	1
雁	4
绅	1
珊	1
榜	3
诵	4
傍	1 4
彦	4
醇	2
笛	2
禽	2
勿	4
娟	1
瞄	2
幢	2 4
寇	4
睹	3
贿	4
踩	3
霆	2
呜	1
拱	3
妃	1
蔑	4
谕	4
缚	2 4
诡	3
篷	2
淹	1
腕	4
煮	3
倩	4
卒	4 2
勘	1
馨	1
逗	4
甸	4
贱	4
炒	3
灿	4
敞	3
蜡	4
囚	2
栗	4
辜	1
垫	4
妒	4
魁	2
谣	2
寞	4
蜀	3
甩	3
涯	2
枕	3
丐	4
泳	3
奎	2
泌	4 4
逾	2
叮	1
黛	4
燥	4
掷	4
藉	2 4
枢	1
憎	1
鲸	1
弘	2
倚	3
侮	3
藩	1
拂	2
鹤	4
蚀	2
浆	1 4
芙	2
垃	1
烤	3
晒	4
霜	1
剿	1 3
蕴	4
圾	1
绸	2
屿	3
氢	1
驼	2
妆	1
捆	3
铅	1
逛	4
淑	1
榴	2
丙	3
痒	3
钞	1
蹄	2
犬	3
躬	1
昼	4
藻	3
蛛	1
褐	4
颊	2
奠	4
募	4
耽	1
蹈	3
陋	4
侣	3 3
魅	4
岚	2
侄	2
虐	4
堕	4
陛	4
莹	2
荫	4 1
狡	3
阀	2
绞	3
膏	1
垮	3
茎	1
缅	3
喇	1 3
绒	2
搅	3
凳	4
梭	1
丫	1
姬	1
诏	4
钮	3
棺	1
耿	3
缔	4
懈	4
嫉	2
灶	4
匀	2
嗣	4
鸽	1
澡	3
凿	2 4
纬	3
沸	4
畴	2
刃	4
遏	4
烁	4
嗅	4
叭	1
熬	1 2
瞥	1
骸	2
奢	1
拙	2 1
栋	4
毯	3
桐	2
砂	1
莽	3
泻	4
坪	2
梳	1
杉	1 1
晤	4
稚	4
蔬	1
蝇	2
捣	3
顷	3
麽	2 0
尴	1
镖	1
诧	4
尬	4
硫	2
嚼	2 2
羡	4
沦	2
沪	4
旷	4
彬	1
芽	2
狸	2
冥	2
碳	4
咧	1 3
惕	4
暑	3
咯	1 0 4
萝	2
汹	1
腥	1
窥	1
俺	3
潭	2
崎	2
麟	2
捡	3
拯	3
厥	2
澄	2 4
萎	1 3
哉	1
涡	1 1
滔	1
暇	2
溯	4
鳞	2
酿	4
茵	1
愕	4
瞅	3
暮	4
衙	2
诫	4
斧	3
兮	1
焕	4
棕	1
佑	4
嘶	1
妓	4
喧	1
蓉	2
删	1
樱	1
伺	4 4
嗡	1
娥	2
梢	1
坝	4
蚕	2
敷	1
澜	2
杏	4
绥	2
冶	3
庇	4
挠	2
搂	1 3
倏	1
聂	4
婉	3
噪	4
稼	4
鳍	2
菱	2
盏	3
匿	4
吱	1
寝	3
揽	3
髓	3
秉	3
哺	1 3
矢	3
啪	1
帜	4
邵	4
嗽	4
挟	1 2
缸	1
揉	2
腻	4
驯	2 4
缆	4 3
晌	3
瘫	1
贮	4
觅	4
朦	2
僻	4
隋	2
蔓	2 4
咋	2 4 3
嵌	4
虔	2
畔	4
琐	3
碟	2
涩	4
胧	2
嘟	1
蹦	4
冢	3
浏	2
裔	4
襟	1
叨	1 1
诀	2
旭	4
虾	1
簿	4
啤	2
擒	2
枣	3
嘎	2 1
苑	4
牟	2
呕	3
骆	4
凸	1
熄	1
兀	4 1
喔	1 1
裳	2 0
凹	1
赎	2
屯	2 1
膛	2
浇	1
灼	2
裘	2
砰	1
棘	2
橡	4
碱	3
聋	2
姥	3 3
瑜	2
毋	2
娅	4
沮	3
萌	2
俏	4
黯	4
撇	1 3
粟	4
粪	4
尹	3
苟	3
癫	1
蚂	1 3 4
禹	3
廖	4
俭	3
帖	1 3 4
煎	1
缕	3 3
窦	4
簇	4
棱	2
叩	4
呐	4 0 0
瑶	2
墅	4
莺	1
烫	4
蛙	1
歹	3
伶	2
葱	1
哮	1
眩	4
坤	1
廓	4
讳	4
啼	2
乍	4
瓣	4
矫	3
跋	2
枉	3
梗	3
厕	4
琢	2
讥	1
釉	4
窟	1
敛	3
轼	4
庐	2
胚	1
呻	1
绰	4 1
扼	4
懿	4
炯	3
竿	1
慷	1
虞	2
锤	2
栓	1
桨	3
蚊	2
磅	4 2
孽	4
惭	2
戳	1
禀	3
鄂	4 4
馈	4
垣	2
溅	4
咚	1
钙	4
礁	1
彰	1
豁	2 1 4
眯	1 3
磷	2
雯	2
墟	1
迂	1
瞻	1
颅	2
琉	2
悼	4
蝴	2
拣	3
渺	3
眷	4
悯	3
汰	4
慑	4
婶	3
斐	3
嘘	1
镶	1
炕	4
宦	4
趴	1
绷	1 3
窘	3
襄	1
珀	4
嚣	1
拚	4 1
酌	2
浊	2
毓	4
撼	4
嗜	4
扛	1 2
峭	4
磕	1
翘	2 4
槽	2
淌	3
栅	4 1
颓	2
熏	1
瑛	1
颐	2
忖	3
牡	3
缀	4
徊	2
梨	2
肪	2
涕	4
惫	4
摹	2
踱	2
肘	3
熔	2
挚	4
氯	4 4
凛	3
绎	4
庶	4
脯	3 2
迭	2
睦	4
窍	4
粥	1
庵	1
沧	1
怠	4
沁	4
奕	4
咙	2
氨	1
矗	4
盔	1
拇	3
沛	4
榻	4
揣	1 3
崭	3
鞘	4
鞠	1
垦	3
洽	4
唾	4
橱	2
仕	4
蜘	1
痰	2
袜	4
峙	4
柬	3
蝉	2
蟹	4
谏	4
鹃	1
擎	2
皓	4
朕	4
疤	1
禺	2
铲	3
酶	2
钝	4
氓	2 2
匣	2
弧	2
峨	2
锥	1
揪	1
杠	1 4
吭	2 1
崛	2
诬	1
冉	3
抒	1
庚	1
悍	4
靡	2 3
晦	4
醋	4
壕	2
锯	1 4
夭	1
咦	2
侈	3
婢	4
猾	2
徘	2
硝	1
煽	1
皂	4
舵	4
嗦	1
狈	4
靴	1
捂	3
疮	1
郝	3
苛	1
秽	4
茜	4
搓	1
芸	2
酱	4
赁	4
檐	2
饷	3
蕉	1
铀	2
苔	1 2
赦	4
缎	4
舷	2
筷	4
朔	4
婪	2
紊	3 4
厮	1
婿	4
寥	2
兢	1
糙	1
卦	4
槐	2
扒	1 2
裴	2
祀	4
埔	3
絮	4
芭	1
屉	4
痪	4
霄	1
绽	4
宵	1
邑	4
霖	2
岔	4
饵	3
茄	2
韧	4
琪	2
邹	1
瑚	2
憋	1
殆	4
噜	1
忒	4 1
忿	4
衅	4
淳	2
悖	4
髦	2
孜	1
粤	4
隘	4
濒	1
铮	1
畸	1
剔	1
坞	4
篱	2
淀	4
蓦	4
唬	3
锣	2
汀	1
趾	3
缉	1 1
嫦	2
斟	1
鞍	1
扳	1 1
拴	1
诅	3
谟	2
呃	4 0
懦	4
逞	3
犁	2
忏	4
拧	2 3 4
亥	4
佟	2
叱	4
舜	4
绊	4
龚	1
腮	1
邸	3
椒	1
蔚	4 4
湛	4
狩	4
眶	4
栈	4
薇	1
肮	1
瀑	4 4
渣	1
褂	4
叽	1
臀	2
妞	1
巍	1
唔	2
疚	4
鲤	3
戎	2
肇	4
笃	3
辙	4 2
娴	2
阮	3
札	2
懊	4
焘	4 1
恤	4
疹	3
潇	1
铝	3 3
涤	2
恃	4
喽	2 0
砌	4
遁	4
楞	2
阱	3
咎	4
洼	1
炳	3
噬	4
枫	1
拷	3
哆	1
矶	1
苇	3
翩	1
窒	4
侬	2
靶	3
胰	2
芜	2
辫	4
嚎	2
妾	4
幌	3
踉	2 4
佃	4
葫	2
皖	3
拽	4 1 4
滤	4 4
睬	3
俞	2
匕	1 3
谤	4
嗤	1
捍	4
孵	1
倪	2
瘾	3
敝	4
匡	1
磋	1
绫	2
淆	2
尧	2
蕊	3
烘	1
璋	1
亢	4
轧	4 2
赂	4
蝗	2
榆	2
骏	4
诛	1
勺	2
梵	4
炽	4
笠	4
颌	2
闸	2
狒	4
樊	2
镕	2
垢	4
瘟	1
缪	4 2
菇	1
琦	2
剃	4
迸	4
溺	4 4
炫	4
惚	1
嗨	1 1
陨	3
赃	1
羁	1
臻	1
嘀	2 1
膳	4
赣	4
踌	2
殉	4
桔	2 2
瞿	4 2
闽	3
豚	2
掺	1 3
沌	4
惰	4
喳	1 1
椭	3
咪	1
霎	4
侃	3
猝	4
窖	4
戮	4
祠	2
瞩	3
菁	1
躇	2
佬	3
肋	4
咄	1
忡	1
雍	1
忱	2
蕾	3
跄	1 4
硅	1
伎	4
炊	1
钊	1
蝠	2
屎	3
拭	4
谛	4
褪	4 4
丞	2
卉	4
隧	4
茸	2
钳	2
啃	3
伢	2
闺	1
舔	3
蹬	4 1
挛	2
眺	4
袱	2
陇	3
殴	1
柿	4
梧	2
惺	1
弛	2
侥	3 2
琛	1
捅	3
酝	4
薯	3
曳	4
澈	4
锈	4
稠	2
眸	2
咆	2
簧	2
鸥	1
疡	2
渎	2
汲	2
嬉	1
脓	2
骡	2
穗	4
槛	4 3
拎	1 1
巳	4
邢	2
廿	4
搀	1
曙	3
樵	2
隅	2
筛	1
谒	4
倭	1
痹	4
猖	1
佯	2
肛	1
奚	1
甭	2
抨	1
蛾	2
唠	2 4
荧	2
嵩	1
漱	4
酋	2
攘	3
诘	2
篡	4
睿	4
噩	4
怅	4
盎	4
徙	3
鞅	3 1
漓	2
祟	4
睫	2
攸	1
翎	2
呛	1 4
筐	1
堑	4
檀	2
寅	2
磊	3
驭	4
惘	3
吠	4
驮	4 2
瑙	3
炬	4
痉	4
曝	4
恺	3
胺	4
萤	2
敕	4
筝	1
幡	1
霹	1
竺	2
烙	4
毗	2
鸠	1
埠	4
蒜	4
阜	4
嘈	2
乒	1
帷	2
啄	2
鳌	2
毡	1
阙	1 4
褥	4
搔	1
笋	3
冕	3
狞	2
韶	2
骼	2
蔼	3
烹	1
奄	1 3
嫖	2
沐	4
噗	1
岑	2
蛟	1
掳	3
咏	3
弩	3
捻	3
圃	3
孚	2
悴	4
诣	4
呱	1 1
祁	2
捶	2
钠	4
袄	3
澎	2
氮	4
恪	4
雏	2
撮	1
堰	4
彷	2
鹦	1
晖	1
犀	1
腑	3
沽	1
橄	3
掐	1
亵	4
龋	3
嗒	4 1
咀	3
祺	2
锚	2
匾	3 2
乓	1
萃	4
贻	2
揖	1
觑	4
吝	4
憔	2
羌	1
诲	4
砾	4
蠕	2
肴	2
撩	1 2
坍	1
酥	1
袅	3
黝	3
俾	3
嫣	1
穹	2
秧	1
妊	4
溉	4
鹊	4
聿	4
疙	1
蘑	2
睾	1
楷	3
酵	4
茹	2
锌	1
滇	1
辗	3 3
纂	3
圭	1
幔	4
褒	1
揍	4
诽	3
倔	2 4
腓	2
颉	2 2
锄	2
嗔	1
磺	2
攒	2 3
瘩	2
雳	4
吆	1
悚	3
墩	1
彝	2
囱	1
逍	1
辄	2
桅	2
俨	3
纶	2
悸	4
殃	1
帧	4 1
俐	4
绮	3
袒	3
籽	3
孰	2
愫	4
拌	4
橙	2
暨	4
敖	2
赘	4
抉	2
淤	1
剌	2 4
娼	1
顼	4 1
葵	2
哝	2
酣	1
麓	4
钵	1
琅	2
簸	3 4
禾	2
铢	1
璧	4
娠	1
彗	4
惋	3
腋	4
螂	2
阪	3
掣	4
劾	2
沥	4
粱	2
嚓	1
惮	4
氖	3
捎	1
羔	1
俟	4
渲	4
榄	3
茧	3
霓	2
鹉	3
胥	1
琶	2
撬	4
橘	2
醫	1
拈	1
笆	1
痊	2
亟	2 4
渭	4
狙	1
珂	1
刨	4 2
蜕	4
谚	4
憧	1
瞟	3
馒	2
拗	4 4
帚	3
钗	1
哧	1
喋	2
箫	1
刁	1
怦	1
缭	2
迥	3
湄	2
磐	2
渝	2
冗	3
闵	3
噶	2
黏	2
蕃	2 1
弼	4
驿	4
淄	1
饺	3
踞	4
韬	1
婷	2
唆	1
蜒	2
偎	1
榨	4
漉	4
碉	1
皈	1
矜	1
笈	2
枷	1
鲨	1
蹑	4
瀚	4
酪	4
谑	4
癖	3
烬	4
揩	1
炙	4
蜷	2
侏	1
凋	1
漪	1
悻	4
蹋	4
讪	4
搐	4
碘	3
帛	2
诠	2
碾	3
擂	2 4
苯	3
诃	1
铎	2
戊	4
荀	2
驹	1
攫	2
憬	3
哽	3
踵	3
蟒	3
漾	4
啧	2
吮	3
楠	2
氟	2
怂	3
叼	1
竣	4
偕	1 2
漩	2
蹭	2 4
翌	4
臆	4
挝	1 1
绚	4
崽	3
糜	2
瘢	1
跤	1
阑	2
恬	2
豢	4
汶	4
跷	1
琵	2
憨	1
蜗	1
螅	1
惴	4
戟	3
匮	4
恙	4
抿	3
桢	1
笺	1
蛤	2 2
瞳	2
藥	4
瓢	2
衹	3
秤	3 4
跺	4
潦	3 2
芹	2
哒	1
饬	4
栩	3
曦	1
骷	1
嫡	2
卤	3
丕	1
鬓	4
梓	3
嗖	1
惦	4
浚	4 4
咔	1
藐	3
荃	2
唧	1
玺	3
汛	4
铐	4
髅	2
渤	2
皿	3
箍	1
馅	4
汾	2
戍	4
痔	4
褶	2 3
聆	2
涎	2
汞	3
渍	4
奂	4
巅	1
疣	2
傩	2
逵	2
耆	2
蟋	1
鳄	4
讹	2
膺	1
蹿	1
筏	2
釜	3
沂	2
坯	1
峦	2
茬	2
摒	4
蟀	4
撵	3
浒	3
缤	1
嵋	2
珑	2
苞	1
瑾	3
泵	4
钾	3
暧	4
赓	1
叟	3
佚	4
沓	4
撂	4
蛊	3
甥	1
璐	4
晏	4
瘪	3
漳	1
阉	1
蹂	2
鳃	1
琏	3
湃	4
辘	4
僭	4
躏	4
鼾	1
懵	3
镰	2
寐	4
褚	3
攥	4
涧	4
蝙	1
脐	2
辕	2
涣	4
杞	3
煜	4
骥	4
傣	3
嗳	3 4
祯	1
酉	3
秸	1
捺	4
瑕	2
鑫	1
馋	2
窿	2
楔	1
胱	1
荔	4
蟆	2 0
湍	1
屹	4
遐	2
轲	1
镯	2
缰	1
桦	4
炖	4
钡	4
羚	2
啬	4
诩	3
绯	1
掖	1 4
箓	4
涸	2
鸳	1
塾	2
呸	1
抡	1 2
擞	3
熹	1
坷	3
瓮	4
亘	4
嗟	1 1
筵	2
跛	3
汕	4
欤	2
壑	4
颍	3
溥	3
姗	1
踊	3
枭	1
暄	1
稷	4
跚	1
涟	2
瀛	2
笙	1
滕	2
踝	2
贰	4
瞰	4
恻	4
嚏	4
迢	2
獗	2
邯	2
睑	3
赡	4
萦	2
珥	3
酮	2
璞	2
羹	1
缄	1
晾	4
俸	4
媲	4
鸾	2
恿	3
蜿	1
犊	2
讷	4
扈	4
蜈	2
翟	2 2
藕	3
戌	1
蓓	4
鋆	2
谩	2 4
谀	2
卯	3
谙	1
岐	2
蝎	1
荼	2
镀	4
椰	1
甄	1
蟾	2
蹊	1 1
泞	4
撸	1
螃	2
檬	2
猓	3
蔷	2
羲	1
瘸	2
蘸	4
蔗	4
傀	1 3
蚌	4
锢	4
遽	4
邃	4
恚	4
皑	2
锵	1
簌	4
焙	4
昊	4
鹳	4
睽	2
刽	4
鳖	1
噎	1
呗	4 0
寰	2
唷	1
殡	4
淖	4
诰	4
恣	4
睐	4
婵	2
榈	2 2
氦	4
靳	4
蛹	3
鸯	1
惬	4
蹙	4
诙	1
眈	1
罡	1
缮	4
胤	4
皋	1
蛀	4
偌	4
疵	1
绛	4
葆	3
黔	2
喙	4
烽	1
儡	3
佼	3
斓	2
嫔	2
颚	4
龈	3 2
盅	1
娓	3
坂	3
町	3 1
芥	4
瘠	2
阂	2
挎	4
橇	1
荟	4
啜	4
垛	3 4
淇	2
瓒	4
篓	3
虱	1
跻	1
龛	1
蹒	2
髯	2
瞠	1
痫	2
掂	1
潼	2
酰	1
镁	3
灸	3
腆	3
筱	3
谆	1
骋	3
壬	2
茗	2
椋	2
蛔	2
潺	2
扉	1
耘	2
槟	1 1
雹	2
甬	3
谥	4
淞	1
燎	2
蕙	4
蚪	3
蜻	1
郸	1
轶	4
狰	1
楣	2
捋	3 1 3
涓	1
荪	1
娄	2
麝	4
蚤	3
薰	1
醮	4
搪	2
谧	4
湮	1 1
辍	4
瞌	1
梆	1
樟	1
茉	4
岖	1
臼	4
癣	3
穑	4
玷	4
馍	2
呷	1 1
萼	4
妩	3
伫	4
彤	2
莓	2
岬	3
媛	2 4
惆	2
鳎	3
啾	1
囔	1
蜓	2
孺	2
徇	4
徵	1 3
焊	4
岱	4
昵	4
卅	4
飙	1
邙	2
痞	3
隼	3
恫	4
怆	4
桀	2
绶	4
裆	1
盂	2
桧	4
蚓	3
抠	1
嗷	2
槌	2
痘	4
痢	4
芮	4
蚣	1
闩	1
铿	1
飓	4
疱	4
蝌	1
撅	1
蚯	1
斡	4
窠	1
荚	2
耷	1
砚	4
牒	2
赈	4
煦	4
嗫	4
耙	4 2
榕	2
鞑	2
袤	4
谌	2
醺	1
秆	3
徨	2
橹	3
翡	3
缨	1
锹	1
嵇	1
圪	1
髻	4
嗬	1
辎	1
痣	4
娩	3 3
谄	3
蛐	1
鹞	4
翱	2
庖	2
籁	4
蓿	0
鳗	2
疟	4 4
鲇	2
這	4
嚅	2
瘀	1
颔	4
黜	4
黠	2
濑	4
馁	3
洵	2
忐	3
忑	4
砥	3
咂	1
罹	2
糠	1
匝	1
偃	3
淙	2
纫	4
喏	3 4
闾	2 2
祛	1
蛰	2 2
腼	3
涝	4
曜	4
厩	4
疽	1
闰	4
洄	2
煊	1
汐	1
藓	3
璜	2
铬	4
經	1
渥	4
靼	2
酗	4
苓	2
噤	4
咫	3
椿	1 2
鲫	4
锭	4
罔	3
锺	1
匍	2
祗	1
锰	3
岌	2
馀	2
畹	3
糯	4
胫	4
熠	4
銮	2
沅	2
棣	4
旌	1
豌	1
孢	1
镭	2
驸	4
腌	1
盹	3
熵	1
镐	3 4
馐	1
嘤	1
癞	4
骰	2
韭	3
阖	2 2
瞑	2
裨	4 2
宕	4
戾	4
镌	1
溟	2
牍	2
隽	4
婊	3
鹄	3 2
埂	3
拄	3
娲	1
虬	2
萱	1
啵	0
蠡	2 3
芋	4
胭	1
豺	2
啻	4
褛	3 3
蛆	1
柠	2
掰	1
篆	4
倌	1
咛	2
蛭	4
谡	4
荨	2
莞	1 3 3
澹	4 2
纭	2
潞	4
郅	4
弋	4
飕	1
螳	2
胄	4
蟑	1
猥	3
宓	4
昙	2
锏	3
蟠	2
過	4
柑	1
烯	1
匐	2
濮	2
蟮	4
祐	4
仄	4
偈	4 2
蜃	4
箴	1
粼	2
嗥	2
褴	2
蕨	2
蓟	4
圩	2 1
孪	2
杳	3
魇	3
荤	1
诿	3
簪	1
氲	1
摞	4
飒	4
镂	4
舀	3
夙	4
臧	1
蒿	1
貂	1
蜥	1
蹩	2
噼	1
钛	4
钚	4
獾	1
濂	2
铠	3
皙	1
霭	3
鲈	2
叵	3
霾	2
泯	3
碴	2
鸵	2
峪	4
饕	1
瘁	4
睢	1
鬃	1
迩	3
纣	4
夔	2
垠	2
饨	2
榭	4
隍	2
娑	1
篝	1
榔	2
洌	4
浜	1
鲑	1
谔	4
汩	3
浣	4
舐	4
瞭	3
忻	1
咻	1
鹑	2
唑	4
懋	4
皎	3
诒	2
麾	1
辏	4
氐	1 3
冽	4
箕	1
俚	3
汴	4
宸	2
芍	2
捱	2
摈	4
摺	2
簦	1
箔	2
咝	1
孀	1
怏	4
谝	3
砧	1
馕	2
耄	4
罂	1
漕	2
沣	1
栾	2
榘	3
烷	2
榷	4
俑	3
沱	2
缜	3
鹫	4
蛳	1
剽	1
衢	2
泗	4
臊	1 4
瘴	4
酚	1
纾	1
晁	2
孛	4 2
炀	2
叁	1
憩	4
掬	1
椤	2
啮	4
畿	1
掸	3
镣	4
骁	1
椽	2
侗	4 2
滦	2
荩	4
泓	2
蚱	4
癜	4
酯	3
體	3
癸	3
蚜	2
扪	2
庑	3
歆	1
蝮	4
蹶	2 3
弈	4
庋	3
喟	4
滂	1
啕	2
蛎	4
獭	3
槁	3
翊	4
龊	4
邺	4
莘	1 1
燮	4
剁	4
觐	4
铛	1 1
谗	2
镍	4
臃	1
墒	1
晔	4
燔	2
嘭	1
涿	1
醯	1
箩	2
鄱	2
睨	4
诤	4
坳	4
鹭	4
砷	1
唏	1
伲	4
猬	4
琥	3
殁	4
蚩	1
泾	1
缥	3 1
殓	4
鳅	1
氰	2
诋	3
刍	2
芷	3
嶙	2
逅	4
舫	3
呓	4
唰	1
茁	2
馑	3
妫	1
骧	1
苷	1
擢	2
峋	2
袂	4
懑	4
蓑	1
與	3
涞	2
祉	3
踹	4
掇	1
沏	1
诳	2
噫	1
饽	1
饪	4
绺	3
谘	1
飧	1
迳	4
铡	2
枞	1
熨	4 4
鋈	4
荭	2
赊	1
俦	2
戛	2
湎	3
幺	1
凇	1
芪	2
觯	4
龌	4
挞	4
嬴	2
苻	2
嘁	1
鞯	1
肽	4
恸	4
迨	4
钰	4
儆	3
觎	2
讫	4
滓	3
僮	2 4
媾	4
龇	1
胯	4
涮	4
绾	3
杈	1 4
赳	1
斛	2
觥	1
疸	3 0
卞	4
愠	4
拮	2
庠	2
烨	4
龢	2
菠	1
窈	3
罄	4
囤	4 2
弁	4
奘	4 3
咣	1
缫	1
腴	2
缈	3
喵	1
潢	2
遛	4 2
柚	4
郏	2
荻	2
藜	2
琨	1
镳	1
雉	4
橐	2
陽	2
骈	2
蛉	2
艮	4
搽	2
濡	2
寮	2
柩	4
佗	2
啷	1
诜	1
視	4
偻	2 3
夯	1 4
闱	2
谖	1
夥	3
枸	1 3 3
膑	4
虻	2
筠	2 1
埽	4
笞	1
臾	2
婀	1
珞	4
粑	1
怵	4
绻	3
殒	3
觊	4
崂	2
颧	2
嗑	4 1
榛	1
昱	4
蜴	4
鳝	4
噙	2
淼	3
矾	2
硼	2
囿	4
泅	2
邂	4
钜	4
蠹	4
垩	4
乩	1
嗝	2
淦	4
樽	1
诮	4
揆	2
啐	4
淅	1
榉	3
馗	2
辔	4
暹	1
骛	4
鱿	2
苫	1
犷	3
獠	2
詈	4
竦	3
篙	1
诨	4
铰	3
馄	2
蜚	3 1
峒	2 4
滢	2
琬	3
靓	4 4
狻	1
璨	4
犟	4
鸬	2
螨	3
芩	2
嘹	2
锟	1
蜇	1 2
洹	2
栉	4
俪	4
钍	3
锨	1
瑁	4
壹	1
痿	3
竑	2
粕	4
犄	1
瘙	4
饯	4
抟	2
衲	4
踮	3
龅	2 1
愎	4
馥	4
梏	4
讣	4
邝	4
艿	3
趺	1
鲟	2
剜	1
绉	4
罅	4
笥	4
衩	3 4
姣	1
斫	2
鹗	4
腎	4
爻	2
猕	2
晗	2
铩	1
窕	3
仨	1
搡	3
崴	1 3
酢	4
檄	2
佞	4
孑	2
璀	3
岷	2
舛	3
邕	1
闿	3
铂	2
霁	4
犒	4
馏	4 2
阈	4
麋	2
麒	2
苁	1
摁	4
涔	2
宥	4
妍	2
铤	4 3
锷	4
嗲	3
恽	4
麂	3
赝	4
胛	3
哂	3
撷	2
呶	2
噘	1
懔	3
栎	4
桎	4
霰	4
飨	3
揄	2
噔	1
娣	4
薏	4
忝	3
咤	4
嗵	1
迤	2 3
贲	1 4
胪	2
鍪	2
泸	2
蔫	1
刈	4
僖	1
咿	1
鹌	1
嗪	2
茏	2
茯	2
岫	4
嵘	2
轱	1
怼	4
铨	2
昕	1
郢	3
咩	1
馊	1
髡	1
澧	3
苣	4
濯	2
盥	4
囡	1
砺	4
佘	2
谶	4
弑	4
楂	2 1
翦	3
怩	2
蠼	2
霏	1
楹	2
讴	1
锲	4
慵	1
胝	1
砭	1
潍	2
杵	3
樾	4
帼	2
碣	2
诌	1 1
徕	2
胴	4
钴	3
裟	1
啶	4
铣	3 3
铱	1
楫	2
赭	3
碛	4
酊	3
魑	1
醛	2
剐	3
畦	2
陂	2 1 1
闶	1
阄	1
祚	4
鹘	2 3
泱	1
趄	1 4
骅	2
陲	2
郧	2
倜	4
呤	2 4
燧	4
铉	4
粲	4
骶	3
峁	3
忸	3
渌	4
骞	1
髭	1
戡	1
钨	1
谲	2
苋	4
锃	4
蜊	2
幄	4
闼	4
戕	1
骊	2
虢	2
烩	4
傥	3
妲	2
绌	4
桠	1
袈	1
鎗	1
薮	3
揿	4
杲	3
肓	1
厝	4
莅	4
氤	1
缙	4
衮	3
诟	4
旖	3
硒	1
唁	4
嬗	4
硎	2
裱	3
颦	2
質	4
靥	4
纥	1 2
煨	1
礴	2
鏖	2
蝈	1
笏	4
羿	4
鼐	4
湟	2
甑	4
炜	3
煲	1
锉	4
笕	3
喑	1
嶂	4
浔	2
弭	3
妪	4
锂	3
苡	3
孳	1
颏	1 2
醴	3
間	1
渚	3
轭	4
鹬	4
蚝	2
黃	2
膘	1
邛	2
痨	2
褡	1
耦	3
覃	2
虛	1
馔	4
篾	4
兖	3
阋	4
遨	2
爰	2
痂	1
艄	1
耨	4
沤	1 4
邋	1
焓	2
秣	4
昶	3
種	3
變	4
窣	1
绦	1
俎	3
榫	3
蟪	4
稗	4
謇	3
氩	4
類	4
锴	3
龉	3
烃	1
俣	3
嬷	1 2
肱	1
鸢	1
笫	3
痤	2
陰	1
菏	2
莆	2
芨	2 1
阕	4
砣	2
碜	3
鼹	3
長	2
猷	2
竽	2
舸	3
诓	1
錾	4
淬	4
隗	3
悌	4
姘	1
槭	4
邈	3
婕	2
歙	4 1
稹	3
蹴	4
砒	1
痈	1
镏	2
羯	2
豕	3
鲂	2
蓖	4
匦	3
笤	2
峥	1
徭	2
浃	1
烊	2
補	3
窸	1
酆	1
缢	4
褓	3
蚨	2
翳	4
趔	4
炔	1 4
誊	2
赜	2
仃	1
勖	4
葺	4
蚴	4
泷	2 1
蛴	2
結	2
媸	1
俳	2
诖	4
茑	3
逡	1
孱	4 2
砦	4
跸	4
祜	4
伉	4
溴	4
屐	1
飚	1
蛞	4
鏡	4
掮	2
崆	1
庾	3
橛	2
矸	1
鸨	3
圻	2
缂	4
蒯	3
诹	1
啭	4
饧	2 2
镉	2
鸪	1
蛩	2
蠖	4
說	1
劭	4
哐	1
崧	1
杼	4
棂	2
螫	4 1
龃	3
饔	1
遑	2
颢	4
腱	4
襁	3
忾	4
濠	2
牝	4
蛄	1
鲆	2
嗄	2 4
灏	4
疥	4
苜	4
荞	2
嘣	1
夤	2
砝	3
颞	4
開	1
忤	3
遢	4 1
旎	3
瘛	4
魉	3
辇	3
見	4
瓤	2
荥	2 2
涫	4
娌	3
氚	1
臁	2
毂	1 3
碇	4
毖	4
壅	1
吡	3
缛	4
玮	3
羟	3
還	2
珈	1
颀	2
虼	4
祇	2
佝	1
翕	4 1
遴	2
珏	2
郛	2
較	4
驗	4
玖	3
蹇	3
逋	1
氅	3
粽	4
诂	3
岢	3
聒	1
髁	1
黍	3
芾	4 2
淝	2
鲎	4
鞣	2
髋	1
闳	2
潆	2
汨	4
胍	1
阏	4 1
钤	2
鹜	4
鬈	2
铵	3
戬	3
點	3
崮	4
枰	2
樯	2
脍	4
畲	2 1
衾	1
蹼	3
題	2
劬	2
咭	1
囫	2
洱	3
刎	3
芏	4
琊	2
碚	4
鳕	3
谪	2
芎	1
恂	2
槿	3
鲢	2
鲧	3
嘧	4
绀	4
郦	4
噱	2
浠	1
潸	1
跏	1
鲶	2
矍	2
苌	2
抻	1
琰	3
鹚	2
龆	2
臬	4
芄	2
呔	3
雒	4
觞	1
钒	2
饫	4
阒	4
槎	2
鸩	4
舂	1
谠	3
阡	1
莒	3
萸	2
妗	4
稔	3
穰	2
蚧	4
餍	4
谯	2 4
芗	1
菸	1
葩	1
踔	1
厣	3
佻	1
嘌	4
饩	4
钏	4
蠓	3
黩	2
倨	4
腸	2
缬	2
殚	1
钿	4 2
鎏	2
恁	4 2
藿	4
囟	4
鄣	1
呋	1
婺	4
绱	4
瓯	1
旃	1
锶	1
酩	3
恹	1
逶	1
缦	4
鸹	1
螟	2
菟	4 2
阗	2
濉	1
篑	4
醪	2
鲛	1
讦	2
媪	3
邬	1
殇	1
鄯	4
芡	4
嫠	2
肼	3
峤	4 2
矽	1
讧	4
掼	4
焖	4
愆	1
聩	4
岘	4
靛	4
菖	1
卟	3
姒	4
杷	2
砉	1
袢	4
蚋	4
笳	1
挈	4
關	1
踽	3
黾	3 3
麼	2
侩	4
凫	2
诔	3
郯	2
韪	3
挲	1
笪	2
鼋	2
莜	2
風	1
菅	1
嵊	4
裢	2
趿	1
箸	4
莴	1
莠	3
阌	2
旯	2
圜	2 2
涪	2
赍	1
柞	4 4
嗍	1
囵	2
榧	3
裰	1
笾	1
簟	4
跎	2
巽	4
曷	2
逖	4
骓	1
绔	4
枋	1
镒	4
魃	2
餮	4
讵	4
乜	1 4
鄢	1
瑭	2
踅	4 2
馓	3
蟛	2
鳟	1
荛	2
菬	2
忪	1 1
阍	1
姹	4
纰	1
桉	1
氪	4
氘	1
垅	3
郃	2
汊	4
娉	1
纡	1
缟	3
旮	1
镢	2
傈	4
堋	2
蔺	4
庥	1
枥	4
腭	4
鹕	2
笮	2
髂	4
魍	3
缁	1
槊	4
跞	4
醚	2
吒	4
枳	3
搿	2
鹧	4
蜍	2
舻	2
鏊	4
禳	2
蒺	2
钹	2
蜢	3
鬻	4
珩	2
卮	1
垭	4 1
苄	4
苕	2
菀	3
骠	4 1
袷	2
跹	1
瘘	4
騔	2
論	4
磬	4
缶	3
笸	3
鸷	4
頭	2
芰	4
蕲	2
阆	2
纨	2
琮	2
牦	2
砩	4 2
蠲	1
锒	2
锕	1
郓	4
妯	2
驷	4
鹩	2
舢	1
趸	3
證	4
養	3
芫	2
嗉	4
蠊	2
笊	4
莸	2
饴	2
阃	3
浯	2
枇	2
焱	4
铆	3
擤	3
柢	3
醢	3
呲	1
崾	3
溆	4
潴	1
牖	3
硪	4
碓	4
鹆	4
鬣	4
堀	1
帙	4
雱	1
須	1
進	4
诎	1
獐	1
桁	2
蛱	2
鳏	1
郴	1
幂	4
箝	2
僳	4
疝	4
茴	2
揶	2
呦	1
嗌	4
囹	2
螈	2
脲	4
镊	4
锑	1
胨	4
膈	2
痼	4
鳊	1
赅	1
贽	4
處	4
苤	3
峄	4
桡	2
雎	1
鲋	4
鞫	1
鼬	4
獯	1
昀	2
痍	2
蟊	2
鞴	4
疖	2 1
熘	1
乇	1
羸	2
嵴	2
栀	1
槲	2
炝	4
炷	4
硐	4
锸	1
鹂	2
裾	1
侪	2
診	3
調	4
珐	4
縯	3
哔	4
屙	1
旆	4
佰	3
僦	4
牯	3
钪	4
掾	4
針	1
仟	1
圮	3
芟	1
崃	2
廪	3
擘	4
笱	3
跗	1
鲅	4
硷	3
苎	4
匏	2
嗾	3
圄	3
彀	4
粳	1
卣	3
勐	3
掴	2
涑	4
浞	2
玳	4
愍	3
畛	3
赧	3
貉	2 2 4
擀	3
湫	3 1
逦	3
椴	4
铄	4
箧	4
刖	4
鲮	2
訇	1
茱	1
啖	4
悭	1
愀	3
朐	2
畈	4
鹨	4
蛘	2
佶	2
缃	1
晟	4
鲱	1
凼	4
苴	1
颛	1
厍	4
匚	1 1
徉	2
洙	1
氡	1
胗	1
癯	2
鞒	2
锆	4
佤	3
錢	2
飲	3
細	4
勰	2
钺	4
繇	2 2 4
螭	1
嵬	2
轸	3
肟	4
肫	1
邨	1
瘿	3
仞	4
奁	2
宄	3
轳	2
熳	4
睇	4
钼	4
蝼	2
跆	2
樗	1
鲰	1
節	1
诶	1
薜	4
铧	2
裥	3
榇	4
馃	3
術	4
蹚	1
怄	4
寤	4
缗	2
硗	1
碡	2 2
矬	2
鸱	1
虺	1 3
糅	2
雠	2
帑	3
镧	2
埙	1
啁	1
悒	4
犍	1
硌	4
锩	4 3
虿	4
蛑	2
艉	3
钅	1
咴	1
筮	4
艏	3
糁	3 1
鼍	2
肄	4
籴	2
骜	4
砻	2
蜮	4
龀	4
黢	1
劢	4
腫	3
耪	3
鬯	4
畚	3
觳	2
稞	1
鹁	2
鲲	1
稱	1
捌	1
菔	2
獬	4
柘	4
娆	2 3
篪	2
鲀	2
谰	2
孬	1
伥	1
谇	4
鄄	4
狎	2
闫	2
滟	4
齑	1
遒	2
磔	2
聃	1
綦	2
鲡	2
蔻	4
泠	2
砗	1
钕	3 3
镫	4
菹	1
胂	4
煅	4
煸	1
螯	2
躅	2
鲠	3
佥	1
罘	2
嶝	4
適	4
坨	2
菽	1
哞	1
徜	2
慊	4 4
洳	4
渑	2 3
灞	4
盍	2
钋	1
鸫	1
踯	2
縻	2
萘	4
褫	3
羰	1
腦	3
俅	2
芤	1
隳	1
洮	2
胼	2
罴	2
镛	1
怛	2
芊	1
啉	2
噌	1 1
嫱	2
绲	3
膻	1
焐	4
裡	3
葎	4
亓	2
倮	3
莼	2
蘅	2
嘞	0
缒	4
镆	4
網	3
伧	1
荏	3
唳	4
檩	3
鸶	1
蚬	3
骱	4 4
蘖	4
澍	4
韫	4
颎	3
嘏	3 3
垡	2
腚	4
焯	1
繻	1
怙	4
羧	1
鼙	2
倥	1 3
亳	2
艽	1
荠	4 2
昴	3
舨	3
魈	1
醣	2
枵	1
粜	4
甙	4
珲	2 1
杓	1 2
楸	1
楦	4
疃	3
蛏	1
蠛	4
髌	4
茔	2
臨	2
诼	2
嬖	4
耒	3
蜣	1
笄	1
跣	3
钣	3
戆	4 4
蜉	2
喾	4
铍	2
陉	2
薹	2
肷	3
岵	4
瓴	2
荽	1
怫	4 2
钭	3
窀	1
缯	1 4
倬	1
摭	2
帔	4
楝	4
痱	4
蚶	1
螬	2
髑	2
紅	2
鼗	2
狷	4
殛	2
裉	4
粝	4
萋	1
葭	1
衽	4
鳢	3
傧	1
喁	2
嫘	2
罟	3
钌	3
裼	4
愦	4
蝽	1
雖	1
锗	3
衿	1
粢	1
醵	4
跫	2
鐾	4
廛	2
墉	1
哌	4
輕	1
扦	1
堇	3
婧	4
暌	2
罱	3
镞	2
蹰	2
陟	4
鳔	4
脘	3
臟	4
岿	1
侔	2
郾	3
唿	1
砹	4
疴	1
麸	1
薨	1
綝	1
滁	2
偾	4
拊	3
撺	1
呒	3 2
狯	4
猢	2
椁	3
榱	1
罾	1
铳	4
裎	2
鳚	4
眦	4
璎	1
認	4
崞	1
缇	2
蝣	2
萑	2
狲	1
缱	3
晷	3
冼	3
痧	1
統	3
蕖	2
狍	2
憷	4
锛	1
窨	1 4
袼	1
帏	2
儋	1
绨	2
疠	4
蘩	2
嵝	3
庀	3
汜	4
炅	4
煳	2
泶	2
瓠	4
窳	3
虮	3
蚰	2
邰	2
苊	4
砀	4
捩	4
蹉	1
莪	2
螽	1
覺	4
蘼	2
槔	1
曛	1
蛲	2
鹾	2
隹	1
犸	3
衄	4 4
觀	1
轉	3
銎	1 2
泫	4
玢	1 1
辊	3
瞋	2
墀	2
酐	1
隱	3
堞	2
尥	4
嚯	4
猗	1
逑	2
逯	4
硖	2
噻	1
嵛	2
畀	4
運	4
鲃	1
偬	3
鄞	2
呖	4
溧	4
嬲	3
肭	4
鹈	2
鹱	4
窭	4
黧	2
谵	1
沆	4
嫒	4
塬	2
缣	1
篯	1
酃	2
喱	2
泔	1
溘	4
迕	3
肀	4
秫	2
裣	3
铋	4
蒌	2
曩	3
赀	1
箪	1
朊	3
鳙	1
仫	4
钎	1
芑	3
胙	4
盱	1
糇	2
挹	4
捭	3 4
悱	3
鬟	2
緩	3
請	3
崤	2 2
澶	2
甾	1
欹	1
瞽	3
钇	3
鹪	1
鞔	2
缡	2
铯	4
鲚	4
組	3
嘬	4 1
庹	3
渖	3
湔	1
玎	1
锜	3
锊	4
舾	1
籼	1
阊	1
祕	4
猊	2
燹	3
葑	1
蓼	3 4
幛	4
岣	3
浼	3
甯	2
瑷	4
敫	3
钔	2
钫	1
锼	1
锿	1
癔	4
穸	1
褊	3
蚍	2
篦	4
麇	1
樘	2
钯	3
禇	3
铒	3
續	4
莩	2 3
嵯	2
逭	4
遄	2
戗	1
睃	1
鮈	1
瀣	4
皴	1
泮	4
轫	4
褰	1
炱	2
醍	2
锱	1
篁	2
葚	4 4
難	2
矇	3
驽	2
辚	2
睥	4 4
鸺	1
筇	2
戥	3
髀	4
驺	1
頸	3
哙	4
濞	4
逄	2
桤	1
攵	3
炻	2
磙	3
疳	1
醭	2
鳇	2
鹮	2
迓	4
眇	3
楮	3
砜	1
謝	4
離	2
約	1
菘	1
馇	0
栌	2
醐	2
唢	3
獍	4
殳	1
仡	4
軟	3
刿	4
葜	1
薅	1
湓	2
搴	1
尕	3
磴	4
锝	2
镅	2
艚	2
殄	3
暝	2
祢	2
豉	3
垴	3
維	2
瓿	4
煺	4
蟥	2
蹀	2
門	2
黼	3
氙	1
铑	3
積	1
線	4
蒡	4
杪	3
肜	2
膂	3 3
砬	2
硭	2
酽	4
踟	2
鲷	1
蒴	4
藁	3
猡	2
旒	2
硇	2
锍	3
鞲	1
哿	3
皤	2
哏	2
殍	3
漯	4 4
確	4
織	1
連	2
谂	3
跶	2
橥	1
镬	4
鸲	2
姝	1
茭	1
窆	3
髟	1
畋	2
溏	2
鲔	3
顯	3
喹	2
紹	4
吣	4
羼	4
缧	2
窬	2
骘	4
赉	4
镓	1
邳	1
璩	2
鸸	2
涠	2
溲	1
孥	2
敉	3
筌	2
義	4
衛	4
響	3
蹓	1
垓	1
苒	3
荸	2
甓	4
锪	1
镄	4
脔	2
艟	1
選	3
達	2
眬	2
彘	4
檠	2
胩	3
旄	2 4
祆	1
伛	3
鲥	2
荦	4
暾	1
脈	4
納	4
缌	1
飏	2
锞	4
趵	4 1
跖	2
跬	3
僬	1
皲	1
翥	4
祎	1
貢	4
習	2
閉	4
芴	4
菰	1
眙	2
锓	3
訾	1 3
莳	2 4
菪	4
槠	1
榍	4
俜	1
觚	1
撄	1
嵫	1
桴	2
晡	1
爨	4
悫	4
锇	2
锖	1
锘	4
蝾	2
糌	1
柙	2
滹	1
睚	2
辦	4
莨	4
尻	1
罨	3
锔	1 2
筲	1
妣	3
砘	4
谳	4
钽	3
鈤	4
脹	4
遺	2
鄹	1
菡	4
崦	1
狺	2
杌	4
秭	3
舯	1
豇	1
鲵	2
蘧	2
阚	4
悝	1 3
铌	2
預	4
缑	1
瑗	4
椹	4 1
旰	4
魆	1
蓍	1
蕹	4
岜	1
钐	1
锬	2
镪	1 3
绡	1
檎	2
穀	4
茕	2
話	4
縮	1
顧	4
荈	3
侉	3
渫	4
辂	4
欷	1
轾	4
麴	1
戢	2
趼	3
誤	4
芈	3
苈	4
缍	3
歃	4
燠	4
耜	4
顸	1
蚵	2 1
哓	1
澌	1
郜	4
徼	3 4
籀	4
陬	1
蕤	2
叻	4
猞	1
洇	1
锎	1
舳	2
缋	4
镗	1 2
褙	4
耋	4 2
聬	3
鳡	3
鲌	4
鰽	2
筆	3
簡	3
計	4
語	3
謂	4
袴	4
巯	2
吖	1
猁	4
桷	2
砼	2
锾	2
颟	1
跽	4
悛	1
桕	4
艨	2
颡	3
髹	1
桫	1
鬆	4
練	4
總	3
膽	3
貝	4
葸	3
屣	3
獒	2
瘌	4
佴	4
锫	2
隰	2
醌	1
萬	4
矯	3
鰕	1
岽	1
昃	4
螓	2
垧	3
廨	4
骺	2
黥	2
豳	1
議	4
絡	4
護	4
釋	4
隨	2
荑	2 2
莶	1
蓊	3
揎	1
娈	2
嫜	1
毽	4
砑	4
碶	4
剀	3
薷	2
怃	3
怿	4
骐	2
腧	4
霈	4
蝻	3
鵰	1
讀	2
墼	1
坩	1
甏	4
鹇	2
鹣	1
舴	2
鲭	1
傺	4
枘	4
秕	3
糨	4
忉	1
磲	2
顒	2
蟲	2
訓	4
侑	4
萁	2
葳	1
呙	1
鹋	2
貘	4
葶	2
枨	2
棹	1 4
纛	4
籤	1
規	1
資	1
嶷	2
妁	4
杩	4
鹛	2
羝	1
骖	1
祧	1
給	3
淠	4
畎	3
箨	4
鳐	2
識	2
遠	3
谿	1
剡	4 3
吲	3
嫫	2
戽	4
糗	3
鸮	1
蕰	1
坼	4
璺	4
栊	2
镝	1 2
疔	1
瘰	3
谮	4
辋	3
碥	3
豂	2
竅	4
讓	4
黒	1
劂	2
潋	4
孓	2
螋	1
鲳	1
铙	2
塄	2
萆	4
碲	4
粋	4
纻	4
沭	4
祏	2
電	4
鱲	4
頻	2
設	4
試	4
項	4
鄩	2
鱖	4
鱧	3
怍	4
糍	2
鸻	2
仵	3
柰	4
棼	2
氇	0
氆	3
烀	1
镔	1
珉	2
鞬	1
範	4
膠	1
眾	4
鶇	1
囝	3
犴	4
镠	2
觇	1 1
钆	2
蚺	2
蝓	2
趑	1
貔	2
躞	4
氽	1 3
绂	2
栲	3
鹎	1
襻	4
蓚	2
貪	1
祓	2
繼	4
脫	1
郿	2
骝	2
檫	2
砟	3
蝰	2
猱	2
缵	3
沔	3
彖	4
黻	2
眢	1
車	1
陳	2
雜	2
驚	1
龍	2
鮠	2
茛	4
蕈	4
骀	2 4
樨	1
昝	3
餂	2
镎	2
酡	2
鳜	4
觋	2
礅	1
垆	2
坻	2 3
荇	4
扃	1
磻	1
郗	1 1
阇	1
腈	1
铈	4
臥	4
顱	2
級	2
階	1
顟	2
衖	4
珙	3
襞	4
劁	1
隈	1
胬	3
纮	2
翙	4
茀	2
荜	4
溱	1 2
酤	1
腳	3
記	4
許	3
錯	4
鱇	1
圯	2
柽	1
瞀	4
铖	2
粞	1
撙	3
铊	1
圹	4
菝	2
迴	2
岙	4
漶	4
缏	4
貊	4
粫	2
徂	2
洎	4
礌	3
膿	2
葉	4
險	3
雙	1
餘	2
邠	1
邽	1
溽	4
棰	2
舭	3
艋	3
靜	4
聱	2
尢	1 2
藚	4
佾	4
蕻	4 2
狁	3
绁	4
牾	3
慝	4
蜱	2
鬘	2
膚	1
虧	1
邊	1
髮	4
埚	1
堙	1
菥	1
萏	4
玟	2 2
椟	2
铗	2
颙	2
踬	4
筚	4
矻	1
搠	4
圉	3
浍	4 4
閱	4
蛸	1 1
礎	3
討	3
鎮	4
鮊	4
芘	2
萜	1
鄗	4
惝	3 3
毵	1
鲽	2
酞	4
絕	2
哚	3
溷	4
缞	1
踰	2
搦	4
帻	2
铦	3
鲴	4
髫	2
盡	4
蓋	4
製	4
載	3
週	1
陸	4
醡	4
儇	1
狴	4
迮	2
鍬	1
趱	3
椠	4
赟	1
陔	1
坌	4
悃	3
塍	2
疬	4
麈	3
絜	2
脩	3
赒	1
埒	4 4
镡	2
镨	3
骎	1
骙	2
薑	1
鼩	2
雰	1
穩	3
藴	1
責	2
鮮	1
鳑	2
豨	1
琚	1
觫	4
鲦	2
刳	1
拶	3 1
掊	2 3
泐	4
瘗	4
雩	2
麿	3
檗	4
鼂	1
詳	2
際	4
褔	4
铟	1
聽	1
觸	4
靈	2
鲏	1
蒗	4
魟	1
遹	4
攴	1
蝥	2 2
茆	2
蓁	1
嚆	1
忮	4
篌	2
菧	3
卺	3
郫	2
篠	3
複	2
該	1
貴	4
辯	4
飛	1
犰	2
狳	2
陠	1
蹁	2
蓐	4
稜	2
菃	2
埝	4
蕞	4
喈	1
戋	1
赙	4
磉	3
郤	4
聍	2
铷	2
硏	2
腘	2
興	4
雞	1
鬱	4
鳴	2
麥	4
鮟	1
鳈	2
秾	2
邗	2
釐	2
矧	3
舁	2
貅	1
瞇	1
骢	1
阼	4
垸	4
墁	4
攮	3
柝	4
梃	3
眚	3
箜	1
簏	4
綮	3
鲩	4
諡	4
茇	2
摅	1
顐	4
蜾	3
龂	3
臍	2
膩	4
諸	1
讉	2
鎯	2
脒	3
箬	4
鲻	1
埸	4
颃	2
蒹	1
瞍	3
铫	4 2
蒐	1
蹻	3
幞	2
阯	3
觏	4
媵	4
钬	3
襦	2
簋	3
翮	2
蹯	2
艖	1
貓	1
鐮	2
負	4
順	4
鲿	2
緊	3
蹠	2
攉	1
禊	4
箐	4
镟	4
癍	1
霪	2
袪	1
劓	4
殂	2
脞	3
霨	4
饾	4
耵	1
泺	4
埤	2
碁	2
鲐	2
鷟	2
膬	4
茲	1
粯	4
糞	4
聲	1
貼	1
陴	2
橼	2
驩	1
唣	4
蜩	2
埯	3
蓥	2
袝	4
谞	1
馘	2
谫	3
輶	2
廑	3
瘐	3
躐	4
黟	1
纔	1
礙	4
膯	1
華	2
藭	0
禆	4
號	4
談	2
費	4
顏	2
飯	4
稓	2
縠	2
揠	4
绐	4
鸰	2
搛	1
黹	3
恧	4 4
粎	3
柒	1
裒	2
栳	3
钸	1
饸	2
譞	1
販	4
铕	3
絷	2
蒨	4
蓣	4
迻	2
釆	3
鲕	2
頗	1
鍏	2
鷉	1
郄	4
埘	2
薤	4
鲞	3
鼯	2
坭	2
蔌	4
缳	2
靦	3
筸	1
蘋	2
夼	3
椐	1
轹	4
脬	1
眍	1
饹	0
瘥	4 2
瘵	4
蝦	1
誌	4
邴	3
鉁	1
鞮	1
舄	4
麄	1
翛	1
覩	3
纩	4
蓮	2
唛	4 4
袓	1
祂	1
轎	4
紀	4
纖	1
輔	3
鉀	3
領	3
螵	1
鸊	4
鮡	4
禛	1
袆	1
謴	4
邾	1
鮣	0
酲	2
龁	2
汔	4
眄	3
眊	4
鬲	2
阨	4
靸	3
臉	3
贇	1
酺	2
狃	3
轺	2
霅	2
鬂	4
鼷	1
蠃	3
埴	2
鴥	4
隊	4
髆	2
綱	1
膮	1
謹	3
铪	1
鹼	3
簳	3
終	1
綜	1
裝	1
訉	4
銀	2
鲉	2
蕿	1
袊	2
汆	1
硃	1
仝	2
趽	2
堍	4
揸	1
忭	4
銧	1
妤	2
頫	4
緡	3
讟	2
龠	4
垤	2
擐	4
噍	4
洫	4
滏	3
璁	1
癃	2
邡	1
絁	1
鍩	3
趨	1
蒽	1
絲	1
膫	2
臅	4
茖	4
蘇	1
詞	2
詾	1
贆	1
蹨	3
農	2
錄	4
鐘	1
鰜	1
鹽	2
赕	3
鯔	1
鯮	1
蔯	2
貙	1
餬	2
躜	1
鳀	2
鹡	2
蠋	2
钲	1
蜁	2
兕	4
阽	4 2
鎰	4
绋	2
铓	2
爝	2
磾	1
葷	1
螘	3
仂	4
雲	2
顗	3
蟫	2
蕺	2
骃	1
蔀	4
诪	1
猹	2
鋬	4
盤	2
齾	4
埕	2
聞	2
舉	3
虡	4
評	2
鍋	1
陣	4
紬	1
訢	1
蔎	4
繸	4
绖	2
埭	4
駮	2
鰡	2
鵳	1
柁	2
筴	1
珧	2
贳	4
贶	4
腩	3
臌	3
礓	1
袛	1
貐	3
蹐	2
圬	1
堠	4
屦	4
驵	3
鑑	4
桄	1 4
霑	1
憝	4
瘳	1
騃	2
茌	2
辀	1
胠	1
埏	1 2
腠	4
靰	4
鞡	0
缻	3
輳	4
闆	3
铼	2
紤	3
翹	4
聯	2
詢	2
課	4
豐	1
賴	4
輸	1
遲	2
鐣	3
齡	2
莤	2
鱯	4
缽	1
邲	4
唼	4
鐻	4
閟	4
駚	3
篥	4
茈	2 3
肏	4
萩	1
跐	1
蹅	1
瞢	2
罽	4
聭	4
辻	2
铚	4
箦	2
踣	2
菑	1
蹟	4
捃	4
瘕	3
睺	2
閒	1
鈦	4
顩	3
鳓	4
闇	1
鹹	3
禍	4
窩	1
純	2
縱	4
聖	4
聛	3
脮	3
衝	1
訊	4
馬	3
諹	2
誖	4
蕅	3
鰨	3
睒	3
笰	4
籥	4
翧	1
镩	1
耧	2
蜞	2
舡	2
鰲	2
鹀	2
罣	4
觍	3
絽	3
羶	1
臜	1
薙	4
觔	1
躼	0
岈	2
潲	4
枧	3
觌	2
膦	4
礞	2
蝤	2 2
螗	2
酹	4
醅	1
絅	1
纁	1
葰	4
郇	2
躄	4
茼	2
洧	3
滠	4
澉	3
鎭	1
铏	2
閤	1
赆	4
赇	2
顣	4
骕	4
飑	1
訄	1
輓	3
鉤	1
鋹	3
钘	1
陁	2
耱	4
繫	4
鋵	1
鱵	1
黨	3
禿	1
貧	2
買	3
賈	3
榀	3
緣	2
膶	0
茐	1
螝	1
訙	4
誘	4
賦	4
贅	4
鄬	2
釤	1
鍵	4
閮	2
隻	1
飽	3
齒	3
鯆	1
逿	4
鮀	2
鯝	4
鰁	2
鱤	3
郕	2
镴	4
韻	4
鮄	2
鲙	4
鳁	1
齁	4
舖	4
膹	4
袣	4
謿	1
陧	4
坜	4
坫	4
甍	2
绠	3
恝	2
飗	2
镙	2
镱	4
騾	2
魋	2
硱	3
祫	2
筍	3
箖	2
袧	1
迯	2
郙	3
酖	1
遘	4
阘	4
眭	1
餗	4
耖	4
鯒	3
邶	4
絼	4
颥	2
篚	3
鳘	3
虒	2
裈	1
遆	2
麑	2
粚	2
託	1
鄚	4
軌	3
饋	4
銳	4
粌	2
紙	3
職	2
臏	4
莖	1
葌	1
豬	1
貏	3
違	2
鄉	1
闅	2
闊	4
頂	3
飢	1
驅	1
魚	2
鳉	1
鴱	4
鶎	1
黴	2
祼	4
鬛	4
镈	2
瞓	3
罶	3
羑	3
黉	2
霚	4
笹	3
郐	4
溻	1
骯	1
礡	2
袉	2
訚	2
谉	3
莛	2
哕	3
滗	4
瀹	4
鏰	4
稃	1
眰	4
眳	2
矞	4
硚	2
禋	1
翀	1
苾	4
襕	2
趥	1
茺	1
軿	1
逌	1
唪	3
庳	4
殪	4
隃	2
糈	3
鲄	3
龜	1
碕	1
鲣	1
綎	1
栝	1
轵	3
雔	2
頠	3
穈	2
翃	2
膭	1
衒	4
盇	2
礦	4
譢	4
鳰	4
遞	4
鴫	2
笟	1
莾	3
蒼	1
蟬	2
袑	4
訒	4
講	3
讝	2
購	4
趕	3
鈧	4
鈩	2
閃	3
閷	1
頉	2
髤	1
龤	2
薿	3
鱥	4
觝	3
鮻	1
鳤	3
穉	2
觱	4
轘	2
鐓	4
筘	4
鲝	3
睏	4
蔸	1
镚	4
痦	4
秵	1
臎	4
葴	2
蝟	4
訂	4
泖	3
骟	4
锽	2
犋	4
眵	1
耩	3
筢	2
躔	2
鬏	1
黪	3
祔	4
箠	2
舲	2
蒷	2
蜺	2
襢	3
謺	2
劐	1
貯	4
搋	1
醊	4
廒	2
洚	4
胲	3
韥	2
饘	1
馂	4
筅	3
鳆	4
鲊	3
麗	4
篸	1
腄	2
臑	4
诐	4
仳	3
趩	4
篩	1
簾	2
絪	1
绹	2
膵	4
蕗	4
蝘	3
袠	4
賸	4
葙	1
遊	2
饑	2
驀	4
祪	3
禘	4
臺	2
菍	4
髒	1
軸	2
釘	4
頃	3
仉	3
氕	1
矔	4
緒	4
脅	2
臒	2
苿	4
菢	4
蔂	2
藞	3
袩	2
貞	1
賣	4
跍	1
跓	4
蹤	1
軍	1
邿	1
鄰	2
醿	2
鈨	2
鋼	1
駵	2
駸	1
鰪	2
鱾	3
賨	2
艞	4
鹟	1
钁	2
鞓	1
鰉	2
監	1
穊	4
蕡	4
鑨	2
楱	4
靹	4
鷃	4
鼱	1
眫	4
艆	2
褯	4
剞	1
蔟	4
靿	4
飭	4
瘼	4
酴	2
鼢	2
睆	3
硁	1
秬	4
穪	2
筦	3
粡	2
粣	4
綖	2
裏	3
刭	3
跼	2
蒇	3
挢	3
邆	2
彡	1
猃	3
闉	1
阓	4
阛	2
靺	4
鞨	2
铥	1
瘅	1 4
駰	1
騻	1
箅	4
箢	1
觖	2
麆	4
齮	3
糀	1
虯	2
瘊	2
絛	1
聴	1
蘭	2
讬	1
揲	2 2
镮	2
钷	3
睪	4
砲	4
稅	4
翫	4
荅	2
菉	4
袚	1
褋	2
贠	2
跡	4
踦	1
遯	4
鉅	4
鎌	2
靉	4
韲	1
餖	4
鶺	2
麕	1
瞼	3
菵	3
蟭	1
錏	1
踐	4
輾	3
銷	1
閣	2
頁	4
驟	4
碼	3
禎	1
禦	4
稖	4
稟	3
竇	4
笇	4
篂	1
緛	3
編	1
縿	1
舊	4
蓴	2
蕚	4
蘆	2
蝿	2
袃	4
親	1
訴	4
讕	2
讚	4
財	2
贏	2
軅	4
軓	4
釙	1
鉄	2
錆	1
閶	1
鯕	2
鶕	1
麨	3
脭	2
鲯	2
鐏	1
魾	1
眎	4
睞	4
窋	1
籠	2
綠	4
縡	4
縫	2
肅	4
鉏	2
謦	3
麹	1
蔔	0
繐	4
眥	4
粺	4
缊	1
艈	0
蓇	1
蛣	2
蹾	1
掎	3
哜	4
鄦	3
陞	1
韰	4
飖	2
镲	3
麃	1
禑	2
筰	2
聠	2
茷	4
螀	1
袞	3
褧	3
賮	4
赗	4
踡	3
揞	3
遝	4
酂	4
酇	4
醜	3
檑	2
雮	4
氍	2
腙	1
飩	2
痖	3
髣	3
髳	2
酎	4
鲒	2
鲪	1
鹯	1
麜	4
齸	4
齻	1
粩	1
詣	4
隄	1
簰	2
蒾	2
蓏	3
薳	3
藛	3
蚢	2
蓠	2
蓰	3
遡	4
郋	2
鄜	1
錞	4
靣	4
鸂	1
麐	2
麚	1
齧	4
睊	4
砢	3
碻	1
絃	4
茝	3
菴	3
袥	1
襍	2
覗	4
詩	1
諥	4
跂	2
辵	4
邅	1
醨	2
頍	3
疰	4
觜	1 3
鴿	1
笭	2
糷	4
纘	3
翉	3
胵	4
芖	4
蔣	3
蔦	3
蛚	4
蛯	3
蜏	3
讞	4
賲	3
钃	2
餈	2
馧	4
麤	1
鼶	1
禱	3
臓	4
鈍	4
錫	1
紛	1
遙	2
螣	4
铽	4
竝	4
粊	3
紗	1
紮	1
絺	3
絿	2
緯	3
脦	4
臇	3
臋	2
葍	2
葞	3
葯	4
葻	2
藙	4
蜔	4
螕	1
蟻	3
襲	2
觼	2
觿	2
詼	1
諝	1
貨	4
賀	4
趧	2
跉	2
躍	4
軒	1
輪	2
邉	1
鄶	4
酁	2
釀	4
鈾	2
鈿	4
鍊	4
闀	4
闄	3
腽	4
霧	4
韌	4
頎	3
額	2
顫	4
顬	2
髿	1
鴣	1
鶝	4
鷣	2
齋	1
鋊	4
隤	2
艦	4
譟	4
蒉	4
磜	4
綼	4
輋	1
頨	3
閗	4
鮍	1
鯡	1
鲹	1
禣	4
粏	4
綿	2
臐	1
迏	2
鋾	2
鐇	2
铻	2
鮼	1
鼈	1
込	4
篰	4
痄	4
睄	2
磡	4
窔	4
筊	3
羺	2
腪	4
臢	1
荄	1
蓡	1
蝀	1
詥	2
豀	1
苠	2
郞	2
骒	4
戤	4
铞	4
耢	4
麯	1
秱	2
筼	2
綈	2
翬	1
脧	1
茣	2
菒	3
蓯	3
蕝	2
詝	3
謱	2
冁	3
踧	2
茚	4
辌	2
辒	1
郪	1
鄘	1
鄠	4
帱	2 4
鈇	1
缲	1
雚	4
雟	1
韺	1
頵	1
顝	3
镘	4
鬋	3
酾	1
鳣	1
鴦	1
麀	1
麉	1
麊	2
麣	2
藬	1
鏘	1
鞚	4
飔	1
鴃	1
齏	1
礄	2
誥	4
醲	2
毳	4
築	4
絫	3
脺	4
苧	4
蚘	2
蝺	3
蠶	2
裀	1
詧	4
貍	2
踘	1
蹷	2
蟓	4
盦	1
瞆	4
矰	1
磥	2
祮	4
稛	3
箾	1
翂	1
胊	2
蓺	4
薾	3
襱	2
覅	0
讏	4
跅	4
踆	1
蹔	4
軐	4
轪	4
鄤	4
醰	2
鑟	2
铔	1
閛	1
陙	2
霳	2
顑	4
镤	2
鵲	4
竚	4
紩	4
聦	1
餅	3
鶄	1
競	4
簷	2
糵	4
紖	4
訪	3
豎	4
趦	1
隸	4
禠	1
籓	1
镥	3
盜	4
矝	2
笖	3
笧	4
簢	3
簻	1
籌	2
粍	2
綍	2
縕	1
罋	4
罷	4
翜	4
膰	2
膲	1
菂	4
葦	3
薢	4
藷	1
螞	3
蠻	2
袀	1
袐	4
覍	4
訌	4
訛	2
詿	4
諄	1
譜	3
豈	3
賢	2
賹	4
遷	1
釛	2
鈣	4
鈱	2
鈶	2
鍛	4
鍦	1
鐵	3
閯	4
閺	2
閻	2
隂	4
頌	4
頰	2
顆	1
顪	4
飼	4
駕	4
駝	2
驌	4
驘	2
鰠	1
鰹	1
鲗	2
鶒	4
鶗	2
鷥	1
鷹	1
齊	2
硙	4
禜	3
糢	2
藠	4
镦	1 4
蕂	4
霮	4
沩	2
颼	1
禬	4
鴪	4
鮨	4
鱣	4
盝	4
眹	4
睖	4
磫	1
禫	4
繨	2
薦	4
褱	2
鏏	4
鮁	4
鹓	1
繟	2
繺	1
沲	4
餦	1
篤	3
踺	4
祦	2
篲	4
糰	2
絙	1
纄	2
脝	1
茊	1
菫	3
蓞	0
酦	1
醾	2
锳	1
钶	1
鲼	4
齄	1
鴨	1
鷧	4
祋	4
箯	1
粐	4
粦	2
粭	2
紃	2
脰	4
芃	2
苽	1
莿	4
菆	1
藗	4
藧	4
袵	4
裯	1
褵	2
襆	2
詤	3
譓	4
跊	4
軈	1
苘	3
迺	3
掭	4
邇	3
邘	2
鄳	2
猸	2
艴	2
鑕	4
柃	2
闒	4
毹	1
脶	2
颋	3
鵀	2
鶜	2
鶟	2
鷱	1
鷲	4
鹍	1
麖	1
軎	4
稂	2
蒞	4
蠆	4
褲	4
佧	3
紵	4
緌	2
蠾	2
裲	3
郈	4
鋐	2
餱	2
瓞	2
驙	1
鯙	2
眆	3
睠	4
瞫	3
矅	4
碃	4
禃	2
秔	1
穻	1
箇	4
籐	2
絏	4
纕	1
翐	4
耈	3
耎	4
脷	4
膕	2
艐	4
艷	4
苙	4
葹	1
蓂	4
蔲	4
薋	1
蛷	2
蜑	4
衂	4
衋	4
袿	1
訕	4
訝	4
詠	3
誳	4
諆	1
讱	4
軃	3
轝	4
郀	1
郵	2
鉐	2
鍧	1
鍼	2
鏦	1
镵	2
閭	2
闢	4
陗	4
陼	3
韈	4
骫	3
骳	4
骹	1
髠	1
髥	2
鳒	1
鶡	2
龒	2
籂	4
翯	4
莚	2
萗	4
転	3
鄷	1
靭	4
馉	3
騙	4
驊	2
鼰	2
綑	3
績	1
臘	4
臛	4
賜	4
贈	4
蹣	2
軡	2
鋸	4
錐	1
顎	4
瞐	4
銶	2
钖	2
矊	2
矘	3
矚	3
矡	2
硽	1
磿	4
礈	4
礜	4
秲	4
窮	2
竄	4
笗	1
箘	4
箽	3
簍	3
簜	4
粷	2
絨	2
絹	4
緷	4
緻	4
繉	2
繙	2
罁	1
羅	2
羇	1
聣	0
聰	1
脙	1
脛	4
脻	1
脼	3
腗	2
艜	4
萊	2
葘	1
葢	4
蔥	1
藍	2
藘	2
藝	4
蘿	2
蛬	2
螁	1
螚	2
螤	1
袇	2
袌	4
袔	4
袦	4
袨	4
覂	3
訃	4
訋	4
詫	4
詬	4
詮	2
詻	4
誠	2
謬	4
譃	1
譄	1
譯	4
譽	4
賰	3
趮	4
蹱	1
軙	2
軠	2
輩	4
辭	2
遜	4
鄧	4
鄫	1
鄿	1
酀	3
釡	3
釢	3
鉃	4
鍍	4
鍎	2
鎖	3
闃	4
鞗	2
韱	1
頹	2
願	4
顳	4
餁	4
餃	3
餵	4
馮	2
馳	2
駛	3
騎	2
騺	4
鯚	4
鰟	2
鱉	1
鳛	2
鴟	1
鴮	1
鴲	1
鴷	0
鷷	1
鸀	2
麎	2
麡	2
麧	2
鼇	2
鼞	1
鼤	2
齺	1
齽	4
龑	0
砮	2
綟	4
緜	2
繑	1
纑	2
罈	2
蠙	1
輴	1
酨	4
鏂	1
駹	2
鎪	1
瞕	4
窪	1
肻	3
蠔	2
鐰	1
綵	3
鮰	2
鳾	0
虰	1
驎	2
荬	3
鑛	4
犏	1
鞧	1
鮋	2
鰷	2
鶲	1
盕	4
盩	1
盻	3
眖	4
砛	1
硈	4
禢	4
禥	2
窼	1
竏	1
筈	4
筽	0
篴	2
籆	4
籇	2
紏	3
肣	2
胑	1
臮	4
苲	3
蒃	4
虗	1
蜌	4
跘	4
鞦	1
驄	1
鷭	2
鸼	3
鹐	1
矄	1
魖	1
鴐	1
薀	1
謏	3
脎	4
締	4
聧	1
脜	3
艤	3
荖	3
蕌	3
蠷	2
褏	4
觽	2
踫	2
蹽	1
軉	4
軛	4
墚	2
搌	3
擗	3
哳	1
鋻	1
楗	4
韂	4
飆	1
饏	4
耥	1
髼	2
篼	1
鬑	2
醑	3
鴧	4
眜	4
瞷	4
磦	1
礨	3
祃	4
祲	4
祻	4
窊	1
簥	1
籲	4
縢	2
繌	3
繒	1
聜	3
胔	4
胾	4
脨	2
膼	1
艕	4
苼	1
莻	0
蓨	2
蓵	2
蓾	3
藦	4
虀	1
蚈	1
蛡	4
蛻	4
蝝	1
蝹	3
蟿	4
衼	1
褦	4
襶	4
覐	4
詯	4
誴	2
諓	4
謧	2
謪	1
譁	2
貤	2
赪	1
踖	2
軆	1
輈	1
鄛	2
鄡	1
醖	4
屺	3
鍑	4
鏉	4
雊	4
顓	1
飐	3
稆	3
駳	4
騽	2
骍	1
筻	4
魱	2
舣	3
鮾	3
鯋	1
鯏	2
鶃	4
鶫	1
齛	4
矙	4
絾	2
袗	3
襬	3
漤	3
闕	4
鬐	2
鲾	1
鴾	2
稭	1
籄	4
聺	2
褹	4
訟	4
鏕	2
齆	4
盫	1
矎	1
礋	2
窌	4
簼	1
糴	2
纴	4
罵	4
翚	1
耰	1
艧	4
藇	3
虖	1
蚖	2
蜎	1
蜨	2
蠭	2
詟	2
詵	1
譔	2
豭	1
趙	4
趬	1
阢	4
圊	1
醃	1
録	4
鍮	1
鍸	2
闚	1
阤	3
霫	2
鞎	2
韗	4
鬖	1
鳠	4
鴼	4
鷇	4
黇	1
黡	3
齣	1
盞	3
眅	1
磈	3
磳	1
穫	4
窅	3
窾	3
筭	4
箣	4
簃	2
簺	4
粴	3
糦	1
絟	2
緺	1
縩	4
罍	2
翣	4
聟	4
肊	3
肙	4
肞	1
臞	2
苶	4
菭	2
葖	1
蕳	1
蚒	2
蜪	2
蝕	2
蠜	2
袕	2
裋	4
裩	1
褌	1
褎	4
襫	4
覈	2
觭	1
訆	4
訏	3
訽	4
詨	4
譻	1
诇	4
貑	1
跱	4
坶	3
躘	2
輖	1
轇	1
轋	2
轕	2
迒	2
郘	3
醄	2
醼	4
鋋	2
鏁	3
鏭	1
鐄	2
鑣	1
鑷	4
辁	2
阸	4
牿	4
鞝	3
頞	4
瞵	2
饤	4
駃	4
駉	1
騠	2
驡	2
髪	1
鬚	1
鬿	2
鮌	3
鯁	3
鱻	1
鶚	4
鷫	4
鹖	2
磩	4
磭	4
稌	2
穃	4
綂	3
膥	1
膱	2
臿	1
艎	2
苃	3
茍	4
蒟	3
藣	1
虈	1
蜐	2
訅	2
詭	3
讈	4
貿	4
趷	1
蹌	1
蹹	2
鈰	4
銑	3
鋫	2
鍔	4
鐨	4
餉	3
騛	1
鯛	1
鰤	1
鳳	4
鵂	1
鶢	2
鶳	1
黋	4
齢	2
磚	1
緲	3
繳	3
聝	2
膴	3
芵	2
藫	2
覓	4
誕	4
誡	4
貎	2
賄	4
跰	4
踥	4
迆	2
逕	4
逤	4
鏢	1
鏤	4
鑄	4
鑽	4
頷	4
鴉	1
鴰	1
麅	2
礱	2
祿	4
缷	4
虙	2
齗	3
裓	2
铹	2
睙	4
矟	4
硣	1
磹	4
礀	4
禮	3
秶	1
窇	2
竷	3
笣	1
篃	4
簬	4
簯	3
粓	1
粶	4
紋	2
紓	1
絞	3
緹	2
縷	3
縼	4
繆	4
繕	4
繚	2
繞	4
绤	4
罆	4
羈	1
翆	4
翑	4
聵	4
脵	3
臄	1
茽	4
莊	1
莢	2
莵	4
菕	2
蓛	4
蓷	1
蓸	2
蔘	1
蔞	2
蕘	2
蕼	4
薔	2
藖	1
藢	3
藶	4
蛢	2
蟯	2
蠄	2
蠈	2
蠎	3
蠣	4
襪	4
覙	3
訑	2
訣	2
詰	2
詸	2
誰	2
諏	1
諛	2
諮	1
諱	4
謥	4
謨	2
譫	1
貋	4
貛	1
貫	4
賓	1
賞	3
贁	4
贂	3
贉	4
趤	4
趯	4
趶	1
跔	1
踴	3
蹆	3
塥	2
輝	1
輰	2
輿	2
轂	1
邁	4
邼	1
釟	1
釠	4
釣	4
鈉	4
鈴	2
鈺	4
鉂	3
銊	4
銘	2
鋤	2
鋭	4
錃	1
錈	3
漭	3
錨	2
鍤	1
鏆	4
鐖	1
鐧	1
鐳	2
鑱	2
鑾	2
镃	1
閬	2
閾	4
閿	2
陜	2
陝	3
霠	1
鞏	3
鞖	1
韨	2
韼	2
韽	1
頒	1
頤	2
顛	1
飳	3
飸	1
餆	2
館	3
饅	2
駐	4
駡	4
駷	3
騁	3
騫	1
騷	1
騼	4
髕	4
魜	2
鰫	2
鱗	2
鱽	1
鲬	3
鴻	2
鶆	2
鶊	1
鷳	2
鷿	4
鸁	2
麞	1
鼏	4
鼜	4
鼫	2
齦	2
盬	3
祅	1
禡	4
禭	4
糱	4
縂	3
蠥	4
軷	2
鄮	4
釱	4
銦	1
錣	4
鑢	4
钑	4
饟	3
鯅	1
鼊	4
簫	1
粛	4
粻	1
饈	1
盌	3
瞂	2
鋅	1
靮	2
盨	3
県	4
箥	3
簕	4
臖	4
鎔	2
鏐	2
顔	2
盿	2
萵	1
蔊	3
覥	3
貲	1
驢	2
鶸	4
磑	4
窎	4
詒	2
鉔	1
鏱	1
隺	4
饜	4
荘	1
蒻	4
蔴	2
裛	4
鈙	2
鎋	2
鑀	4
髴	4
鴓	4
鸴	2
黿	2
秹	3
茢	4
蘁	4
蚑	2
鏻	2
霤	4
霩	4
頺	2
餚	2
鯂	1
籔	3
蕁	2
蘘	1
雑	2
鬶	1
鯵	1
鰧	0
鱂	1
鳂	1
鵟	2
盠	2
盳	4
盽	1
眃	2
眏	1
睧	1
硄	1
碔	3
碦	4
碸	1
磃	2
礘	4
礮	4
祘	4
禤	1
秌	1
秙	4
秢	2
稧	4
稬	4
稲	4
稸	4
穜	2
竒	2
筶	3
篬	1
籒	4
籜	4
籞	4
籶	1
糂	1
糉	4
綡	2
綶	3
緄	3
緗	1
緼	1
縁	2
縋	4
縞	3
繤	3
繧	2
繬	4
纃	2
纉	3
纒	2
纗	1
罯	3
羀	3
耴	4
肍	2
腨	4
膗	2
膟	4
舦	4
艊	2
菄	1
葾	1
蒕	1
蒘	2
蒧	3
蓃	1
蓆	2
蔱	1
蘔	3
蟨	2
蠪	2
襖	3
誇	1
謟	1
讙	1
谽	1
踨	1
躉	3
躱	3
輗	4
釔	3
鋕	4
鎚	1
韆	1
鯶	4
鳋	1
鹒	1
篭	2
縜	2
腣	4
赲	4
馻	3
磞	1
睕	1
瞜	2
碠	4
磽	3
簘	1
腃	1
腵	1
蓳	3
覇	4
醱	1
銝	1
巛	1
鐴	4
鑵	4
隩	4
颺	2
飮	3
飰	4
餇	2
饐	4
痃	2
駞	2
鴜	2
睅	4
睍	4
碭	4
碽	1
磸	4
礉	2
礽	2
祾	2
禌	1
筥	3
簴	4
紣	2
絍	4
縆	1
繀	3
繃	1
羕	4
羵	2
耇	3
聫	2
脗	3
臯	1
艁	4
艂	2
茞	2
葨	1
蒄	1
蒭	2
薂	2
藯	4
蜆	3
螑	4
蟼	3
衟	4
褑	2
褠	1
訐	4
訔	2
詖	4
詗	4
詪	3
諈	4
諑	2
讌	4
豗	1
豷	4
貗	2
貣	4
賯	2
贋	4
冱	4
輀	2
蒈	3
轓	1
迋	4
逓	4
鄺	4
酳	4
鈪	0
尜	2
鐐	4
轷	1
霘	4
鞄	2
騧	1
髽	1
魣	2
鯀	3
鰰	2
鴹	2
鼪	1
龔	1
眮	2
笀	2
籣	2
藑	2
垲	3
鍳	4
鵬	2
禔	1
穯	4
茿	2
莂	2
薃	4
襛	2
谻	2
賚	4
魳	1
鵄	1
穄	4
穵	4
篛	4
簑	1
絭	4
緅	1
緍	3
罇	1
耑	1
艒	4
豠	2
蹎	1
辢	4
醻	4
鐍	4
鑮	2
闍	1
頳	1
驈	4
髲	4
鱮	2
麰	2
鼄	1
鼅	1
鼖	2
眣	2
睎	1
瞣	4
矀	2
硊	3
碅	1
磪	1
礒	3
禞	4
秠	1
穙	2
穱	2
窯	2
竢	4
笍	4
筩	3
篳	4
簠	3
粃	3
粖	4
糓	3
糺	1
紭	2
紾	3
絶	2
綅	1
繂	4
繋	4
繣	4
罙	2
罥	4
罼	4
羗	3
羜	4
翭	2
耮	4
聸	1
肸	4
胹	2
脣	2
腬	2
膄	4
膆	4
膋	2
臕	1
舃	1
艫	2
艭	1
艶	4
艼	3
荢	2
荳	4
萚	4
蓗	3
蓱	2
蕋	3
蕟	4
薐	2
薠	2
藺	4
蘓	1
蘪	2
虵	3
蚾	3
蛖	4
蛜	1
蝍	2
蝨	1
蟂	1
蟜	3
蠏	4
衕	4
衘	4
袟	4
袬	4
誾	2
譅	4
譌	2
譸	1
讜	3
趝	4
趡	3
跾	1
踀	4
踸	3
蹡	1
垌	4
蹳	1
躛	4
躩	2
躶	3
軏	4
軬	4
輵	4
轗	3
轥	4
逷	4
遈	2
邌	2
鄟	1
醎	3
釭	1
鈸	2
怊	1
銌	4
鋂	2
鋎	4
鍐	3
鎴	2
鎸	1
鑘	2
閔	3
雋	4
膪	4
霣	3
靃	4
韍	2
颩	1
飦	1
餔	1
駋	1
騄	4
骩	3
骻	4
骾	3
鬙	1
鬽	4
魫	3
鯈	2
鯩	2
鯬	2
鰌	1
鲓	4
鴂	1
鶍	4
鶠	3
鷁	4
鷖	1
鸇	1
鸘	1
鸧	1
鹙	1
麏	1
黮	3
齯	2
龓	2
盓	1
眕	3
睘	2
睩	4
矂	4
矵	1
矺	1
砪	3
硂	2
碒	2
磣	3
祤	3
禩	4
稑	4
穐	1
穛	2
竂	2
笉	3
篟	4
篺	2
紂	4
紻	3
綹	3
緐	2
縈	2
繖	3
繯	2
繴	4
纀	2
羉	2
翈	2
耡	2
腀	2
艩	2
苅	4
莁	2
菞	2
菳	1
萈	2
蒁	4
蒑	1
蓔	3
蓕	4
蔙	4
蔿	3
蕧	4
薆	4
薗	2
薝	1
藀	2
蘌	3
虋	2
蚿	2
蜫	1
蜽	3
螥	1
蠚	1
袽	2
裶	1
裺	1
褣	2
褸	3
詅	2
詇	4
詐	4
誻	4
諧	2
謚	4
豧	1
貮	4
賡	1
賱	4
赑	4
赹	2
赽	4
踃	4
蹞	3
蹧	1
躻	1
躿	1
輻	2
郟	2
鄑	1
酼	3
醁	4
醕	2
醥	3
釪	2
鈵	3
銒	1
銙	3
鋺	1
錗	4
錥	4
鍓	2
鍟	1
鎍	4
鎘	2
鏿	1
鐎	1
鐤	3
鐿	4
鑊	4
锧	4
閧	4
闛	1
隝	3
隥	4
隦	2
靄	3
靱	4
鞪	2
鞺	1
鞿	1
韟	1
顀	2
飀	2
飥	1
飪	4
餒	3
饆	4
馿	2
癀	2
驦	1
髉	2
鬉	1
鬸	4
魛	1
鳷	1
鵋	4
鵏	1
鵨	1
鵼	1
鷵	2
鷼	2
鸍	2
鸓	3
鸖	4
鹠	2
黶	3
鼉	2
齰	2
碀	2
礇	4
禪	2
筣	2
箏	1
糧	2
紐	3
紳	1
綀	1
緱	1
缾	2
羷	3
耊	2
臚	2
艍	1
葏	1
蠅	2
詛	3
誽	2
諂	3
賂	4
輧	1
輽	4
釦	4
鈕	3
鏍	2
鏽	4
鐲	2
颱	2
饝	2
騇	4
髏	2
腂	3
臗	1
眀	2
砫	3
祙	4
祳	4
粧	1
蕣	4
觓	2
趹	4
鄍	2
鈡	1
羭	2
蝄	3
衸	4
謡	2
閏	4
盪	4
眲	4
睋	2
矃	3
矒	2
硟	4
碩	4
磄	2
礂	1
礊	4
祰	4
祹	2
禐	4
秳	4
秼	1
稄	4
稇	3
稈	3
稘	1
稙	4
穢	4
竸	4
竾	2
笐	2
笜	2
筂	2
箒	3
箛	1
箞	1
箤	2
箷	2
箹	4
箿	2
篜	1
簞	1
簤	4
簨	4
簹	1
簽	1
籬	2
粔	4
粸	2
紇	1
紝	4
紺	4
絆	4
絳	4
綄	2
綊	2
綏	2
綒	1
綔	4
綗	3
綴	4
緝	1
緞	4
緦	1
緰	2
緶	4
縣	4
縹	1
繜	1
繝	4
繩	2
纏	2
罃	1
罝	1
罰	2
羴	1
翢	4
聡	1
聹	2
聻	3
聾	2
脕	4
脟	4
脳	3
脽	2
脿	1
臈	4
艑	4
艙	1
艢	2
芻	2
茻	3
荊	1
菐	2
菓	3
菙	2
菚	4
菣	4
菦	2
菨	1
葔	2
葠	1
葮	4
葲	2
蓙	4
蔁	1
蕛	2
蕜	3
蕦	1
蕵	1
蕷	4
薖	1
藨	1
藮	2
藰	2
藳	3
藵	3
虃	1
虘	2
虜	3
虝	3
蛥	2
蛶	4
蜠	4
蝸	1
螐	1
螖	2
螡	2
螢	2
蟳	2
蠌	2
蠍	1
蠒	3
蠗	2
蠝	3
蠟	4
袘	2
褜	2
褨	2
襾	4
覊	1
覚	4
覛	4
覟	4
覠	1
覯	4
訜	1
訡	2
訮	2
証	4
詷	4
詺	4
諉	3
諒	4
諘	3
諦	4
諺	4
謀	2
謠	2
謩	2
謸	4
謽	4
讍	4
讛	4
貦	2
貸	4
貽	2
賅	1
賊	2
賳	1
賺	4
贀	4
贄	4
贊	4
贌	2
趪	1
跁	4
跈	3
跒	3
蹖	1
軀	1
軇	4
軔	4
軘	2
軣	1
軻	1
輒	2
輥	3
輦	3
轟	1
逇	4
邔	3
邥	3
邫	1
鄽	2
醆	3
醞	4
醽	2
釥	3
鈂	2
鈽	1
鉍	4
鉛	1
銓	2
銜	2
鋇	4
鋒	1
鋰	3
鋷	4
錠	4
錦	3
鎲	3
鏈	4
鏟	3
鐑	4
鐬	4
鑲	1
鑴	1
鑿	2
镻	2
閑	2
閰	2
閳	3
閴	4
閹	1
闌	2
闡	3
陮	4
陻	1
霂	4
靵	3
鞊	2
鞛	3
韓	2
韴	2
韷	4
頊	1
頋	4
頓	4
頜	2
顕	3
顨	4
顴	2
飷	3
飺	2
飾	4
餀	4
餌	3
餓	4
饒	2
饡	4
饳	4
饻	1
馴	4
駜	4
駣	2
駥	2
駨	4
駶	2
騰	2
騿	1
驁	4
驇	4
驑	2
驕	1
驖	3
驥	4
髞	4
鬀	4
鬄	2
鬅	2
鬢	4
鬧	4
魰	2
魵	2
魸	4
魺	3
鯊	1
鯐	3
鯓	1
鯖	1
鯗	3
鰞	1
鰬	2
鰵	3
鰸	1
鰻	2
鱌	4
鱺	2
鳩	1
鳪	3
鳶	1
鴭	1
鴳	1
鴴	2
鴵	1
鴺	2
鴽	2
鵁	1
鵝	2
鶈	1
鶐	4
鶓	2
鶩	4
鶴	4
鷩	4
鷴	2
鷽	2
麩	1
麵	4
鼑	3
鼘	1
鼮	2
齲	3
齼	3
龝	1
禖	2
禵	1
秅	2
竌	4
籙	4
粵	4
緋	1
羠	2
翖	1
艣	3
蚡	2
訹	4
諠	1
輂	2
輨	3
遶	3
鈆	1
鈖	1
銅	2
鍥	4
鎇	2
绗	2
鐷	4
閽	1
闟	4
韮	3
騣	1
髧	4
鴢	1
鷘	4
黺	3
祶	4
荮	4
瞏	2
稴	4
笲	2
笿	4
縪	4
纍	4
翸	3
肧	1
臶	4
蜸	3
豊	1
賁	1
輐	4
輘	2
邏	2
雘	4
鯽	4
眞	1
睴	4
瞡	1
砏	1
磯	1
粿	3
紘	2
舋	4
葋	2
薭	4
虲	0
蠩	1
覵	3
註	4
詄	2
譗	2
趰	3
軧	3
岍	1
鉼	3
鋪	1
鞻	2
颵	1
餼	4
騍	4
驂	1
鯘	3
鳿	4
龎	2
睉	4
砤	2
礑	4
禰	2
窤	1
竈	4
聶	4
蕒	3
説	4
趌	2
踄	4
鑰	4
隣	2
饌	4
驛	4
骿	2
鼥	2
碵	2
竤	2
絒	2
絓	4
芼	4
萢	4
蓧	2
蔄	4
螦	0
詀	1
躦	1
狨	2
錋	4
鎝	1
鐩	4
隲	4
霝	2
鞟	4
礐	2
禗	1
稡	2
穽	3
糮	3
羮	2
肰	2
艸	3
葇	2
葟	2
蒪	4
蝑	4
螧	2
蟅	4
蟢	3
貒	1
銫	4
関	1
礤	3
鮭	1
鴙	4
鴞	1
鵣	4
鵪	1
鷦	1
鷺	4
齜	1
盢	4
眘	4
瞞	2
礿	4
祩	4
禨	1
秺	4
穟	4
窫	4
笎	2
篨	2
籋	2
緤	4
緵	1
縚	1
繿	2
羙	3
蘂	3
蜼	3
襘	4
訞	1
謄	2
谼	2
躒	4
躭	1
迍	1
釿	3
鏸	4
颻	2
餟	4
餫	4
餽	4
驆	4
鬳	4
魒	1
盉	2
睱	2
睻	1
磠	3
箋	1
絣	1
縀	2
縛	4
縧	1
荙	2
莕	4
莙	1
螠	4
蟧	2
襌	1
襽	2
豰	2
賷	1
鉽	2
銲	4
錧	3
鍚	2
鍱	4
骣	3
鑪	2
靷	3
頦	1
騊	2
骔	1
魽	1
魿	2
鮅	4
鮇	4
鮎	2
鮘	4
鮪	3
鯨	1
鰿	4
鱀	4
鱄	2
鱓	2
鲖	2
鴒	2
